"id","sessionId","timestamp","gyroX","gyroY","gyroZ","angularSpeed_rad_s","angularAccel_rad_s2","omegaAzimuth","omegaElevation","roll_deg","pitch_deg","dtS"
"SYNTH001","1742556451390","2025-03-21T11:27:31.417138","-1.23007","0.73223","1.70221","2.22413","222.1302","23.276","33.577","18.778","-0.84","0.004921"
"SYNTH001","1742556451390","2025-03-21T11:27:31.463940","0.02271","-1.55462","-1.39182","2.08675","77.7253","-131.837","-0.624","18.914","-7.812","0.006482"
"SYNTH001","1742556451390","2025-03-21T11:27:31.467257","1.76146","1.59351","-1.88054","3.02959","284.2432","139.723","-35.55","-19.671","-6.698","0.003317"
"SYNTH001","1742556451390","2025-03-21T11:27:31.493981","-0.32717","0.21184","1.58307","1.63034","39.9814","7.622","11.576","-23.126","-2.871","0.007597"
"SYNTH001","1742556451390","2025-03-21T11:27:31.532668","-0.32673","1.10278","1.45637","1.85577","87.0491","37.133","10.14","2.43","13.113","0.005724"
"SYNTH001","1742556451390","2025-03-21T11:27:31.557742","2.63882","0.39151","-0.56006","2.72586","300.4826","145.045","-75.482","-8.464","-24.033","0.005334"
"SYNTH001","1742556451390","2025-03-21T11:27:31.572077","1.43618","0.42614","-0.70819","1.65703","35.2991","148.963","-60.08","7.907","1.285","0.007826"
"SYNTH001","1742556451390","2025-03-21T11:27:31.579014","2.2096","0.09612","-0.93576","2.40151","107.3076","174.135","-66.939","-19.72","-11.352","0.006938"
"SYNTH001","1742556451390","2025-03-21T11:27:31.583495","-0.13742","-1.82599","-0.61335","1.93115","-104.9755","-108.567","4.081","-3.377","14.151","0.004481"
"SYNTH001","1742556451390","2025-03-21T11:27:31.597322","1.21551","0.29804","1.16382","1.70903","91.543","14.364","-45.335","-2.286","22.453","0.007115"
"SYNTH001","1742556451390","2025-03-21T11:27:31.602222","-0.52113","-1.81261","-0.5743","1.97153","53.5658","-107.58","15.327","-6.476","13.709","0.004901"
"SYNTH001","1742556451390","2025-03-21T11:27:31.614317","1.68911","-0.71707","-0.18841","1.84467","54.2886","-104.721","-66.302","-22.063","-1.038","0.004134"
"SYNTH001","1742556451390","2025-03-21T11:27:31.632771","-0.3757","-1.80451","0.2706","1.86297","177.367","-81.472","11.634","-23.54","21.464","0.006566"
"SYNTH001","1742556451390","2025-03-21T11:27:31.641172","-0.99217","-0.26032","1.29314","1.65057","26.1208","-11.382","36.949","-22.349","0.196","0.005242"
"SYNTH001","1742556451390","2025-03-21T11:27:31.646650","0.97312","-1.75501","-0.05395","2.00747","65.1439","-91.761","-28.996","-1.759","-6.527","0.005479"
"SYNTH001","1742556451390","2025-03-21T11:27:31.664488","-2.16347","-1.38302","-0.2106","2.57637","174.6589","-98.658","57.112","16.554","-6.71","0.006907"
"SYNTH001","1742556451390","2025-03-21T11:27:31.671383","-0.99599","1.77595","-0.36968","2.06946","-73.5233","101.759","28.769","15.625","22.307","0.006895"
"SYNTH001","1742556451390","2025-03-21T11:27:31.690058","2.5539","-1.16926","0.48997","2.85126","271.1703","-67.264","-63.6","4.481","-9.545","0.007673"
"SYNTH001","1742556451390","2025-03-21T11:27:31.718264","1.95958","-0.92329","0.1228","2.16967","185.164","-82.424","-64.577","-6.386","1.626","0.005559"
"SYNTH001","1742556451390","2025-03-21T11:27:31.725427","0.48779","1.67024","-1.87747","2.55979","54.4631","138.343","-10.985","21.706","-19.973","0.007163"
"SYNTH001","1742556451390","2025-03-21T11:27:31.757961","-0.93648","-1.20515","1.89575","2.43377","367.898","-32.445","22.63","-20.811","-13.03","0.003254"
"SYNTH001","1742556451390","2025-03-21T11:27:31.766489","0.62559","-2.23656","1.15452","2.59355","310.8294","-62.697","-13.958","10.981","-1.924","0.005165"
"SYNTH001","1742556451390","2025-03-21T11:27:31.776653","1.53015","0.59631","-0.36737","1.68283","206.6839","121.636","-65.405","21.436","-24.49","0.003425"
"SYNTH001","1742556451390","2025-03-21T11:27:31.799279","1.99135","0.00925","-0.94535","2.20437","132.5444","179.44","-64.604","-2.327","15.565","0.005994"
"SYNTH001","1742556451390","2025-03-21T11:27:31.806689","-0.3489","-1.44613","-1.72857","2.28057","10.2822","-140.084","8.8","12.316","0.51","0.00741"
"SYNTH001","1742556451390","2025-03-21T11:27:31.812673","0.79824","1.23467","1.26516","1.93965","-56.9646","44.301","-24.302","0.804","7.353","0.005985"
"SYNTH001","1742556451390","2025-03-21T11:27:31.820575","0.4769","1.36497","-1.22124","1.89262","208.4619","131.819","-14.595","0.594","7.996","0.004219"
"SYNTH001","1742556451390","2025-03-21T11:27:31.828744","0.35924","-0.28488","1.95805","2.01101","450.9084","-8.278","-10.29","19.826","-22.485","0.003653"
"SYNTH001","1742556451390","2025-03-21T11:27:31.836167","-0.31959","1.08219","1.88913","2.20048","207.0856","29.806","8.351","-7.205","-11.078","0.00442"
"SYNTH001","1742556451390","2025-03-21T11:27:31.846750","2.35611","0.03163","-1.80005","2.9652","311.8064","178.993","-52.616","-4.428","20.621","0.005229"
"SYNTH001","1742556451390","2025-03-21T11:27:31.857638","-0.61213","1.369","-1.28771","1.97663","171.8569","133.248","18.04","1.243","18.908","0.007756"
"SYNTH001","1742556451390","2025-03-21T11:27:31.902271","-1.01773","1.44398","-0.36959","1.80484","330.5159","104.357","34.325","3.55","-0.742","0.003787"
"SYNTH001","1742556451390","2025-03-21T11:27:31.918677","0.32106","-1.53201","-0.79323","1.7548","183.1518","-117.374","-10.542","-3.802","1.684","0.006998"
"SYNTH001","1742556451390","2025-03-21T11:27:31.948966","0.58098","1.19206","-1.0352","1.68232","18.627","130.971","-20.203","7.859","20.45","0.006458"
"SYNTH001","1742556451390","2025-03-21T11:27:31.955240","-0.27852","-0.28464","1.72373","1.76913","13.8352","-9.377","9.058","23.704","-12.265","0.006275"
"SYNTH001","1742556451390","2025-03-21T11:27:31.986410","-0.07025","1.5554","-0.68266","1.70007","152.4047","113.697","2.368","-19.665","1.404","0.007492"
"SYNTH001","1742556451390","2025-03-21T11:27:32.006152","-0.30846","-1.85861","1.38969","2.34112","109.0397","-53.214","7.571","-18.077","-1.538","0.00658"
"SYNTH001","1742556451390","2025-03-21T11:27:32.031517","0.53841","-2.30557","0.45131","2.41023","168.5427","-78.925","-12.908","-23.974","14.269","0.007651"
"SYNTH001","1739091820904","2025-02-09T09:03:40.918307","-1.71684","1.94777","1.16343","2.84515","330.9888","59.15","37.116","-21.928","-22.912","0.007344"
"SYNTH001","1739091820904","2025-02-09T09:03:40.931974","-0.99747","1.38851","0.95163","1.95666","155.5916","55.575","30.649","-19.605","11.219","0.006873"
"SYNTH001","1739091820904","2025-02-09T09:03:40.937517","1.51167","-0.65254","-0.81318","1.83636","-21.7009","-141.254","-55.405","11.673","-5.822","0.005544"
"SYNTH001","1739091820904","2025-02-09T09:03:40.942704","-0.58229","-1.99336","0.05245","2.07733","46.4599","-88.493","16.278","0.131","-1.495","0.005187"
"SYNTH001","1739091820904","2025-02-09T09:03:40.957583","-0.34673","0.19242","1.74302","1.78755","119.1043","6.3","11.184","-22.515","20.258","0.007661"
"SYNTH001","1739091820904","2025-02-09T09:03:40.969742","-1.34812","2.94782","0.4155","3.26799","400.5536","81.977","24.363","-4.349","-8.177","0.005669"
"SYNTH001","1739091820904","2025-02-09T09:03:40.974624","2.40292","0.58939","0.89927","2.63251","-130.1766","33.241","-65.893","-3.907","4.141","0.004882"
"SYNTH001","1739091820904","2025-02-09T09:03:40.978892","0.99479","0.00563","1.8667","2.11523","-121.2062","0.173","-28.054","-22.307","22.414","0.004268"
"SYNTH001","1739091820904","2025-02-09T09:03:40.999952","-1.48557","-1.29369","-0.76875","2.1146","170.1277","-120.72","44.63","-23.742","-18.965","0.003487"
"SYNTH001","1739091820904","2025-02-09T09:03:41.010319","-0.64024","-0.57042","2.06806","2.23878","250.9857","-15.42","16.617","1.813","-24.443","0.004175"
"SYNTH001","1739091820904","2025-02-09T09:03:41.066251","-1.39373","1.6926","-0.08949","2.1944","223.6542","93.027","39.43","-4.246","-3.232","0.005972"
"SYNTH001","1739091820904","2025-02-09T09:03:41.079785","-1.28137","-1.11881","-0.31074","1.72922","161.5583","-105.522","47.818","7.518","13.696","0.007373"
"SYNTH001","1739091820904","2025-02-09T09:03:41.090738","-0.75116","1.68362","0.34523","1.87563","45.7208","78.412","23.608","-7.429","-14.765","0.007513"
"SYNTH001","1739091820904","2025-02-09T09:03:41.099719","-0.84514","0.21878","-2.19081","2.35834","401.8332","174.297","21.0","-6.747","24.154","0.004626"
"SYNTH001","1739091820904","2025-02-09T09:03:41.112331","-1.14676","1.56953","0.14759","1.94943","232.1551","84.628","36.033","20.341","20.113","0.006948"
"SYNTH001","1739091820904","2025-02-09T09:03:41.122386","0.03295","-2.99925","-1.49681","3.35217","357.9016","-116.522","-0.563","20.51","20.162","0.006909"
"SYNTH001","1739091820904","2025-02-09T09:03:41.129138","1.49368","1.38993","0.28501","2.06015","-191.3486","78.412","-46.472","-17.779","20.36","0.006752"
"SYNTH001","1739091820904","2025-02-09T09:03:41.133935","-0.64422","1.04443","-1.17041","1.69579","-75.9499","138.256","22.327","-6.836","0.597","0.004797"
"SYNTH001","1739091820904","2025-02-09T09:03:41.162638","-1.28088","-0.77176","-0.80714","1.69933","124.004","-136.284","48.917","-1.067","21.164","0.005712"
"SYNTH001","1739091820904","2025-02-09T09:03:41.195689","0.11424","0.25344","-1.99624","2.0155","215.1205","172.764","-3.249","4.524","-4.839","0.004882"
"SYNTH001","1739091820904","2025-02-09T09:03:41.235830","1.1614","-1.72559","-1.03209","2.32201","225.3379","-120.884","-30.011","-4.755","-8.015","0.007292"
"SYNTH001","1739091820904","2025-02-09T09:03:41.255545","2.43288","-0.32421","0.39185","2.48547","252.8165","-39.604","-78.193","-2.881","-10.078","0.005712"
"SYNTH001","1739091820904","2025-02-09T09:03:41.259526","-0.49274","-1.82049","-0.42632","1.93358","-138.6135","-103.18","14.764","17.976","-9.024","0.003982"
"SYNTH001","1739091820904","2025-02-09T09:03:41.317697","2.46735","0.08515","-0.14137","2.47286","311.3381","148.938","-86.173","-8.585","14.87","0.00384"
"SYNTH001","1739091820904","2025-02-09T09:03:41.333729","1.18388","1.17781","1.27147","2.09892","242.2042","42.81","-34.336","8.149","-11.018","0.004236"
"SYNTH001","1739091820904","2025-02-09T09:03:41.339674","1.13605","1.49285","0.36906","1.91192","-31.4539","76.114","-36.455","13.855","22.182","0.005945"
"SYNTH001","1739091820904","2025-02-09T09:03:41.364354","1.21693","1.11787","0.79008","1.8316","58.1264","54.748","-41.637","-3.217","10.644","0.007813"
"SYNTH001","1739091820904","2025-02-09T09:03:41.377208","-0.55255","1.70126","0.01826","1.78883","149.3472","89.385","17.992","-6.692","14.473","0.005953"
"SYNTH001","1739091820904","2025-02-09T09:03:41.395182","-2.12402","-0.38929","-0.10617","2.16201","171.3392","-105.255","79.243","20.813","-18.892","0.006275"
"SYNTH001","1739091820904","2025-02-09T09:03:41.408447","0.18592","-1.50212","-1.69619","2.27332","291.7902","-138.472","-4.691","-4.906","-15.691","0.004856"
"SYNTH001","1739091820904","2025-02-09T09:03:41.420435","-1.32427","-0.7306","-0.76358","1.69427","94.0026","-136.264","51.409","19.858","-11.695","0.006409"
"SYNTH001","1739091820904","2025-02-09T09:03:41.425454","-0.23644","-0.2837","1.68808","1.72801","6.7227","-9.54","7.864","5.65","23.178","0.005019"
"SYNTH001","1739091820904","2025-02-09T09:03:41.429767","1.52766","-0.90943","1.04621","2.06285","77.6462","-40.999","-47.779","-9.169","8.837","0.004312"
"SYNTH001","1739091820904","2025-02-09T09:03:41.460342","-1.12395","-1.54217","-0.18518","1.91725","93.5186","-96.847","35.89","10.754","13.792","0.004698"
"SYNTH001","1739091820904","2025-02-09T09:03:41.468154","0.52337","1.56725","1.21044","2.04825","16.769","52.32","-14.804","-19.2","-10.073","0.007812"
"SYNTH001","1739091820904","2025-02-09T09:03:41.473233","-1.23489","-0.92115","-0.69117","1.68855","-70.8285","-126.882","46.998","-23.731","-22.719","0.005079"
"SYNTH001","1739091820904","2025-02-09T09:03:41.477376","-2.0142","0.44459","-0.34824","2.09188","97.363","128.071","74.338","-5.459","5.794","0.004143"
"SYNTH001","1739091820904","2025-02-09T09:03:41.484168","-0.00444","0.44272","1.57942","1.6403","-66.4845","15.659","0.155","12.096","-4.564","0.006792"
"SYNTH001","1739091820904","2025-02-09T09:03:41.507708","-0.20137","-1.37688","-1.21638","1.84823","120.3192","-131.458","6.255","24.989","-12.47","0.005651"
"SYNTH001","1739091820904","2025-02-09T09:03:41.527400","0.27164","1.31271","1.69119","2.15804","130.1221","37.819","-7.231","1.24","3.865","0.007667"
"SYNTH001","1739091820904","2025-02-09T09:03:41.543090","0.54955","0.06355","1.84498","1.92613","274.3462","1.973","-16.577","-0.839","12.639","0.004551"
"SYNTH002","1737222541216","2025-01-18T17:49:01.237715","1.16408","-1.49662","-0.90263","2.09993","202.2562","-121.095","-33.665","8.685","16.104","0.007192"
"SYNTH002","1737222541216","2025-01-18T17:49:01.251540","-0.69165","0.70052","1.55017","1.83634","263.2522","24.318","22.126","-15.696","15.522","0.006283"
"SYNTH002","1737222541216","2025-01-18T17:49:01.256091","0.71467","-0.70472","1.94218","2.18619","76.8758","-19.943","-19.081","-3.428","-2.709","0.004551"
"SYNTH002","1737222541216","2025-01-18T17:49:01.262902","-0.22748","0.55532","2.03031","2.11714","-10.1378","15.297","6.168","-0.765","-22.419","0.006811"
"SYNTH002","1737222541216","2025-01-18T17:49:01.290038","1.19796","1.29692","-0.36941","1.80376","97.5052","105.899","-41.617","-23.234","15.136","0.003121"
"SYNTH002","1737222541216","2025-01-18T17:49:01.305394","1.27529","-0.16132","1.40726","1.90598","87.303","-6.539","-41.997","23.273","-14.425","0.004204"
"SYNTH002","1737222541216","2025-01-18T17:49:01.422660","0.7944","0.87113","-1.61713","2.00126","195.5027","151.689","-23.388","-3.104","1.053","0.003215"
"SYNTH002","1737222541216","2025-01-18T17:49:01.426150","1.47835","-1.02734","-0.08936","1.80248","-56.9614","-94.971","-55.102","-8.542","15.962","0.00349"
"SYNTH002","1737222541216","2025-01-18T17:49:01.449147","0.50683","2.55719","-1.14851","2.84871","213.5008","114.186","-10.248","-3.175","-7.423","0.006361"
"SYNTH002","1737222541216","2025-01-18T17:49:01.455036","1.23363","-0.26124","1.8481","2.23731","-103.8155","-8.046","-33.462","24.983","13.52","0.005889"
"SYNTH002","1737222541216","2025-01-18T17:49:01.459230","0.97376","-0.21451","1.34048","1.67066","-135.1052","-9.092","-35.652","-3.41","10.043","0.004194"
"SYNTH002","1737222541216","2025-01-18T17:49:01.466591","0.11924","1.38023","1.11282","1.77697","14.4427","51.122","-3.848","-6.519","21.047","0.007361"
"SYNTH002","1737222541216","2025-01-18T17:49:01.476753","-1.03127","-1.78916","0.8634","2.23832","210.7675","-64.239","27.435","10.365","-10.689","0.004818"
"SYNTH002","1737222541216","2025-01-18T17:49:01.519530","-1.41114","1.60255","1.51028","2.61542","290.1332","46.698","32.653","-2.96","2.596","0.006702"
"SYNTH002","1737222541216","2025-01-18T17:49:01.537626","-0.95381","1.22742","0.99688","1.84664","100.1652","50.917","31.099","5.022","21.537","0.007383"
"SYNTH002","1737222541216","2025-01-18T17:49:01.559772","0.06026","-1.68646","0.99955","1.96135","55.1604","-59.345","-1.761","-15.042","-17.24","0.007292"
"SYNTH002","1737222541216","2025-01-18T17:49:01.609490","1.74311","0.48123","-1.15302","2.14464","100.6902","157.346","-54.368","15.46","-21.243","0.007816"
"SYNTH002","1737222541216","2025-01-18T17:49:01.626926","-0.51683","-0.90354","-1.96081","2.21997","168.7163","-155.26","13.463","24.733","-23.35","0.007661"
"SYNTH002","1737222541216","2025-01-18T17:49:01.639474","0.18298","-1.17169","-2.01512","2.33817","239.6931","-149.824","-4.488","-13.973","5.495","0.003248"
"SYNTH002","1737222541216","2025-01-18T17:49:01.662444","0.85174","-0.91684","1.15284","1.7015","187.6181","-38.495","-30.039","11.126","19.372","0.004477"
"SYNTH002","1737222541216","2025-01-18T17:49:01.676640","-1.22501","-0.83704","1.13091","1.86554","177.2948","-36.507","41.045","-8.088","0.334","0.005207"
"SYNTH002","1737222541216","2025-01-18T17:49:01.687100","0.17026","0.5084","1.55827","1.64793","114.3083","18.069","-5.93","9.271","-24.003","0.005794"
"SYNTH002","1737222541216","2025-01-18T17:49:01.697074","0.84552","0.02467","1.69127","1.89101","154.0119","0.836","-26.56","-15.542","-2.881","0.003774"
"SYNTH002","1737222541216","2025-01-18T17:49:01.724646","1.35292","-0.2177","-1.26657","1.86601","95.2576","-170.247","-46.472","12.129","12.74","0.006216"
"SYNTH002","1737222541216","2025-01-18T17:49:01.750180","-0.9664","-1.78166","-1.23051","2.37116","293.095","-124.631","24.052","-20.917","16.441","0.004116"
"SYNTH002","1737222541216","2025-01-18T17:49:01.765319","2.0122","0.47445","0.10482","2.07003","321.428","77.542","-76.424","-19.541","21.029","0.003705"
"SYNTH002","1737222541216","2025-01-18T17:49:01.770596","0.89681","0.00085","1.6477","1.87595","-36.7821","0.03","-28.558","2.488","16.576","0.005276"
"SYNTH002","1737222541216","2025-01-18T17:49:01.778574","-0.08895","0.65265","-2.20834","2.30448","53.7129","163.536","2.212","-12.072","15.008","0.007978"
"SYNTH002","1737222541216","2025-01-18T17:49:01.788786","0.5738","-2.0834","-0.75524","2.28915","157.5391","-109.926","-14.517","3.219","-12.206","0.005221"
"SYNTH002","1737222541216","2025-01-18T17:49:01.800237","-1.92618","-1.50326","-1.49944","2.86675","219.3058","-134.927","42.214","19.857","-0.6","0.006255"
"SYNTH002","1737222541216","2025-01-18T17:49:01.823419","0.62175","-2.41826","-0.69342","2.5914","328.4512","-106.0","-13.882","11.743","20.099","0.006617"
"SYNTH002","1737222541216","2025-01-18T17:49:01.831724","0.74609","1.30456","1.1791","1.91018","243.993","47.892","-22.991","9.339","5.709","0.004218"
"SYNTH002","1739328305780","2025-02-12T02:45:05.783749","-0.70261","-0.92951","-1.66406","2.03144","0.0","-150.813","20.235","5.263","-17.186","0.003749"
"SYNTH002","1739328305780","2025-02-12T02:45:05.826481","0.29299","-1.73384","-2.13231","2.76384","388.8762","-140.884","-6.085","22.518","-14.205","0.005704"
"SYNTH002","1739328305780","2025-02-12T02:45:05.834389","-1.10743","-0.66356","2.36372","2.69331","-8.9188","-15.681","24.279","24.544","-15.933","0.007908"
"SYNTH002","1739328305780","2025-02-12T02:45:05.839796","0.32125","1.81787","0.60309","1.94205","-138.9636","71.646","-9.522","1.406","21.951","0.005406"
"SYNTH002","1739328305780","2025-02-12T02:45:05.850711","1.63872","0.1116","0.27378","1.66518","104.7894","22.176","-79.773","-6.49","-23.231","0.006732"
"SYNTH002","1739328305780","2025-02-12T02:45:05.862255","1.51462","-0.57368","0.54351","1.70838","181.1182","-46.547","-62.447","14.001","1.414","0.004122"
"SYNTH002","1739328305780","2025-02-12T02:45:05.865444","1.8487","-0.2115","-0.50636","1.92842","69.0051","-157.33","-73.467","21.399","-11.59","0.003189"
"SYNTH002","1739328305780","2025-02-12T02:45:05.893970","-1.62098","-1.16988","1.35898","2.41724","299.0252","-40.724","42.113","6.559","-3.641","0.003803"
"SYNTH002","1739328305780","2025-02-12T02:45:05.905925","1.53713","0.48756","0.82202","1.81002","269.5042","30.673","-58.128","4.539","-13.034","0.00458"
"SYNTH002","1739328305780","2025-02-12T02:45:05.913753","-0.52598","-1.05577","1.2756","1.73737","-9.2814","-39.613","17.623","-10.3","8.782","0.007828"
"SYNTH002","1739328305780","2025-02-12T02:45:05.944079","-1.97405","1.59527","0.36646","2.56438","248.6555","77.063","50.336","11.613","-5.331","0.006707"
"SYNTH002","1739328305780","2025-02-12T02:45:05.950939","0.94934","1.20482","1.68912","2.28166","-41.209","35.5","-24.587","-2.662","-1.576","0.006861"
"SYNTH002","1739328305780","2025-02-12T02:45:05.965659","0.37378","1.64902","-0.3784","1.73268","77.5229","102.924","-12.458","20.126","-15.382","0.007701"
"SYNTH002","1739328305780","2025-02-12T02:45:05.980280","2.42726","0.46896","-0.19444","2.47979","119.3882","112.52","-78.187","-17.44","-11.133","0.007467"
"SYNTH002","1739328305780","2025-02-12T02:45:05.986978","-0.67179","0.94535","-1.41842","1.83219","-96.6802","146.317","21.51","-13.744","11.19","0.006698"
"SYNTH002","1739328305780","2025-02-12T02:45:06.012727","0.20023","1.37109","-0.93175","1.66978","254.5774","124.199","-6.887","-15.338","-0.649","0.004552"
"SYNTH002","1739328305780","2025-02-12T02:45:06.016167","-0.06993","1.23044","2.34512","2.64924","284.7809","27.685","1.513","9.345","1.322","0.003439"
"SYNTH002","1739328305780","2025-02-12T02:45:06.019600","-0.94444","1.54616","0.26124","1.83052","-238.473","80.41","31.06","16.899","-11.088","0.003433"
"SYNTH002","1739328305780","2025-02-12T02:45:06.024207","0.07087","1.29915","-1.11239","1.71179","-25.7734","130.572","-2.373","-7.839","-6.416","0.004607"
"SYNTH002","1739328305780","2025-02-12T02:45:06.030480","-1.85688","1.56199","-0.33569","2.4496","117.6194","102.129","49.291","-3.347","-5.459","0.006273"
"SYNTH002","1739328305780","2025-02-12T02:45:06.075695","0.5247","0.96825","-1.71173","2.0354","352.3745","150.505","-14.939","2.685","-21.101","0.003193"
"SYNTH002","1739328305780","2025-02-12T02:45:06.122894","-0.57475","2.28658","-1.12891","2.61404","237.3372","116.276","12.701","20.774","-12.582","0.007948"
"SYNTH002","1739328305780","2025-02-12T02:45:06.131582","0.21824","2.09574","0.44399","2.15334","315.4624","78.039","-5.817","17.751","-13.924","0.005514"
"SYNTH002","1739328305780","2025-02-12T02:45:06.148070","0.88765","0.39288","-1.81888","2.0617","130.4795","167.811","-25.502","-8.729","-17.884","0.004501"
"SYNTH002","1739328305780","2025-02-12T02:45:06.171572","-0.10376","-2.10118","0.29194","2.1239","167.4501","-82.09","2.8","-16.116","17.032","0.007903"
"SYNTH002","1739328305780","2025-02-12T02:45:06.190165","0.42032","0.46335","-1.82253","1.92691","129.442","165.736","-12.599","12.671","12.455","0.00465"
"SYNTH002","1739328305780","2025-02-12T02:45:06.239835","0.09231","1.50455","-1.29822","1.98936","149.4724","130.79","-2.66","20.093","-16.68","0.00489"
"SYNTH002","1739328305780","2025-02-12T02:45:06.246704","0.67259","-2.13651","1.48817","2.68918","101.8808","-55.141","-14.484","8.112","-20.16","0.006869"
"SYNTH002","1739328305780","2025-02-12T02:45:06.258191","-0.98732","1.44502","1.37084","2.22308","234.0605","46.509","26.367","4.898","-12.1","0.00676"
"SYNTH002","1739328305780","2025-02-12T02:45:06.265136","0.70572","-1.7933","1.8575","2.67662","65.3049","-43.993","-15.287","10.403","13.762","0.006945"
"SYNTH002","1739328305780","2025-02-12T02:45:06.272120","2.1382","0.61604","0.91412","2.40563","-38.7997","33.976","-62.727","-14.554","18.37","0.006984"
"SYNTH002","1739328305780","2025-02-12T02:45:06.276845","-1.38638","1.49887","1.03418","2.2887","-24.7464","55.395","37.283","6.819","12.869","0.004725"
"SYNTH002","1739328305780","2025-02-12T02:45:06.304320","2.03063","-0.75739","1.25352","2.50368","149.2225","-31.141","-54.199","-12.393","23.454","0.006537"
"SYNTH002","1739328305780","2025-02-12T02:45:06.323135","-0.78241","0.54893","-1.51169","1.78849","73.3886","160.043","25.943","11.871","-19.735","0.006552"
"SYNTH002","1739328305780","2025-02-12T02:45:06.327558","-1.05306","1.16188","-0.61678","1.68503","-23.3916","117.961","38.679","-8.131","16.632","0.004423"
"SYNTH002","1739328305780","2025-02-12T02:45:06.338195","0.46687","1.53642","0.78265","1.78636","53.3212","63.006","-15.15","-13.66","-20.197","0.006064"
"SYNTH002","1739328305780","2025-02-12T02:45:06.347904","0.05955","1.76816","-0.4268","1.81992","160.6931","103.571","-1.875","-4.077","6.659","0.004186"
"SYNTH002","1739328305780","2025-02-12T02:45:06.353254","-2.00755","-0.95831","0.33171","2.24915","80.2398","-70.907","63.2","9.706","6.443","0.005349"
"SYNTH002","1739328305780","2025-02-12T02:45:06.388776","-1.77924","-0.91752","-0.15156","2.00762","292.6756","-99.38","62.405","5.595","11.404","0.005475"
"SYNTH002","1739328305780","2025-02-12T02:45:06.401696","0.05411","0.63672","1.71496","1.83014","167.5154","20.369","-1.694","-9.796","-5.09","0.006792"
"SYNTH002","1739328305780","2025-02-12T02:45:06.412891","-2.14128","0.50955","-0.1659","2.20732","224.9177","108.034","75.95","7.219","22.19","0.004124"
"SYNTH002","1739328305780","2025-02-12T02:45:06.440237","-1.15613","-0.5988","-1.11679","1.71535","195.6286","-151.801","42.376","-4.172","-24.353","0.007667"
"SYNTH003","1736941896049","2025-01-15T11:51:36.061939","-1.95984","-0.77365","-0.47016","2.15884","89.8244","-121.288","65.206","5.72","15.289","0.007836"
"SYNTH003","1736941896049","2025-01-15T11:51:36.072095","1.76327","-0.53102","0.39174","1.88271","323.6195","-53.583","-69.482","-22.543","-11.808","0.003248"
"SYNTH003","1736941896049","2025-01-15T11:51:36.077258","-1.50376","-0.82457","-1.27897","2.13939","49.7156","-147.189","44.66","6.752","-5.48","0.005163"
"SYNTH003","1736941896049","2025-01-15T11:51:36.088516","0.76079","0.914","1.67533","2.05449","242.0424","28.615","-21.734","0.428","10.291","0.006102"
"SYNTH003","1736941896049","2025-01-15T11:51:36.114635","-1.20261","1.13598","-0.22469","1.66949","292.2627","101.188","46.083","-10.902","-23.537","0.004389"
"SYNTH003","1736941896049","2025-01-15T11:51:36.125202","0.54374","-0.19399","2.25879","2.3314","239.2207","-4.909","-13.487","-14.806","-7.34","0.003701"
"SYNTH003","1736941896049","2025-01-15T11:51:36.130666","-1.33084","-0.53422","0.85473","1.66946","-121.1418","-32.006","52.861","-22.091","18.577","0.005464"
"SYNTH003","1736941896049","2025-01-15T11:51:36.149169","-1.02063","0.02078","-1.28631","1.64217","37.0887","179.075","38.427","11.992","-23.705","0.006498"
"SYNTH003","1736941896049","2025-01-15T11:51:36.190242","1.4265","0.2182","0.81245","1.65608","21.9324","15.033","-59.471","23.219","-6.216","0.006354"
"SYNTH003","1736941896049","2025-01-15T11:51:36.205641","1.01362","2.72638","0.24839","2.91929","283.8476","84.794","-20.317","14.706","14.834","0.004729"
"SYNTH003","1736941896049","2025-01-15T11:51:36.217841","1.61019","1.65074","1.64117","2.83039","267.8173","45.166","-34.673","-15.732","-9.808","0.006991"
"SYNTH003","1736941896049","2025-01-15T11:51:36.220901","1.01091","-1.17302","0.79721","1.74168","-355.7866","-55.799","-35.48","4.678","12.759","0.00306"
"SYNTH003","1736941896049","2025-01-15T11:51:36.228381","0.14587","0.98051","1.58401","1.86862","16.9714","31.758","-4.477","-17.578","-0.643","0.00748"
"SYNTH003","1736941896049","2025-01-15T11:51:36.245908","0.56992","1.24481","1.17783","1.806","51.7778","46.584","-18.395","12.695","5.709","0.006122"
"SYNTH003","1736941896049","2025-01-15T11:51:36.256902","1.01249","-2.02271","-0.23806","2.27446","279.2107","-96.713","-26.433","1.267","9.806","0.004471"
"SYNTH003","1736941896049","2025-01-15T11:51:36.281249","0.89292","0.25234","-2.12129","2.31535","140.8092","173.216","-22.684","11.999","-3.482","0.006519"
"SYNTH003","1736941896049","2025-01-15T11:51:36.307194","-0.10751","2.2795","0.47697","2.33135","195.8306","78.182","2.643","14.874","-6.205","0.005724"
"SYNTH003","1736941896049","2025-01-15T11:51:36.311200","0.98388","0.80498","-1.06793","1.66027","-167.5387","142.992","-36.342","-3.305","7.511","0.004006"
"SYNTH003","1736941896049","2025-01-15T11:51:36.329559","1.09634","-0.15628","1.2829","1.69476","78.0518","-6.945","-40.308","24.641","6.052","0.006796"
"SYNTH003","1736941896049","2025-01-15T11:51:36.340944","2.40336","1.73027","-0.29186","2.97576","473.3841","99.574","-53.867","20.659","7.464","0.004175"
"SYNTH003","1736941896049","2025-01-15T11:51:36.343978","-0.64733","-1.23901","1.6982","2.19956","-255.7964","-36.115","17.116","18.671","17.8","0.003034"
"SYNTH003","1736941896049","2025-01-15T11:51:36.439636","-1.58211","0.76651","-1.16298","2.10787","116.9183","146.611","48.64","12.389","-11.029","0.004147"
"SYNTH003","1736941896049","2025-01-15T11:51:36.459887","1.66439","-0.07271","0.42204","1.71861","56.0087","-9.775","-75.57","9.904","-7.447","0.007658"
"SYNTH003","1736941896049","2025-01-15T11:51:36.515414","-1.13375","2.05982","-0.41625","2.38778","245.1468","101.424","28.347","5.645","10.542","0.005673"
"SYNTH003","1736941896049","2025-01-15T11:51:36.525805","1.57208","-0.50597","-0.01529","1.65156","239.4332","-91.73","-72.152","22.409","11.488","0.003294"
"SYNTH003","1736941896049","2025-01-15T11:51:36.535780","0.56869","0.69144","2.5264","2.68034","272.3884","15.306","-12.25","18.98","23.263","0.003984"
"SYNTH003","1736941896049","2025-01-15T11:51:36.555200","1.4325","-0.30691","-1.15884","1.86793","41.5948","-165.166","-50.076","9.644","20.834","0.007977"
"SYNTH003","1736941896049","2025-01-15T11:51:36.558441","-0.19259","-0.18605","-2.75528","2.76827","277.7999","-176.137","3.989","13.365","-13.758","0.003241"
"SYNTH003","1736941896049","2025-01-15T11:51:36.564315","1.88876","-0.74524","1.53777","2.54706","-37.663","-25.856","-47.863","-5.509","-2.033","0.005873"
"SYNTH003","1736941896049","2025-01-15T11:51:36.567410","-0.19683","-0.72083","-3.64485","3.72065","379.2041","-168.813","3.032","1.499","10.087","0.003095"
"SYNTH003","1736941896049","2025-01-15T11:51:36.573244","-0.48488","-0.02009","-1.7159","1.78321","-332.0812","-179.329","15.778","-19.034","-13.458","0.005834"
"SYNTH003","1736941896049","2025-01-15T11:51:36.578249","-0.61535","0.27467","1.98416","2.09547","62.3951","7.881","17.077","-22.399","-21.261","0.005005"
"SYNTH003","1736941896049","2025-01-15T11:51:36.592464","1.51983","0.84061","-0.04649","1.73744","398.8375","93.166","-61.016","8.79","-16.017","0.003205"
"SYNTH003","1736941896049","2025-01-15T11:51:36.601680","1.27472","-1.58015","0.63901","2.12841","160.3499","-67.982","-36.792","5.134","-22.434","0.003975"
"SYNTH003","1736941896049","2025-01-15T11:51:36.607485","-1.11904","-0.89576","1.65899","2.19246","11.0324","-28.367","30.691","6.618","7.52","0.005805"
"SYNTH003","1736941896049","2025-01-15T11:51:36.624990","-1.49259","0.9159","-1.6499","2.406","262.4032","150.964","38.342","7.683","-19.415","0.006788"
"SYNTH003","1736941896049","2025-01-15T11:51:36.635762","1.60161","0.07955","-1.26534","2.04268","206.5253","176.403","-51.635","-23.941","1.274","0.003981"
"SYNTH003","1736941896049","2025-01-15T11:51:36.641937","0.09882","-2.22998","-0.28306","2.25004","33.5772","-97.234","-2.517","-20.568","7.169","0.006176"
"SYNTH003","1736941896049","2025-01-15T11:51:36.658664","1.36168","-0.00865","1.17142","1.79624","166.6086","-0.423","-49.295","-2.616","-13.172","0.005371"
"SYNTH003","1736941896049","2025-01-15T11:51:36.683035","1.212","-0.91312","-0.68236","1.66383","196.5303","-126.77","-46.756","-21.371","11.308","0.004007"
"SYNTH003","1736941896049","2025-01-15T11:51:36.688273","0.7873","1.06182","1.18004","1.77194","20.6404","41.981","-26.379","-2.664","-13.243","0.005238"
"SYNTH003","1736941896049","2025-01-15T11:51:36.694647","-1.81628","-0.84609","0.66213","2.11025","53.0789","-51.954","59.395","2.211","-14.272","0.006374"
"SYNTH003","1738237124820","2025-01-30T11:38:44.826771","0.58632","1.99181","1.04473","2.32434","237.937","62.322","-14.611","21.62","20.87","0.003763"
"SYNTH003","1738237124820","2025-01-30T11:38:44.834473","-0.9099","-0.28967","2.24712","2.44159","15.2228","-7.345","21.88","17.242","-9.749","0.007702"
"SYNTH003","1738237124820","2025-01-30T11:38:44.842129","0.58737","1.4005","-1.70956","2.2867","-20.2309","140.675","-14.884","-6.503","-14.148","0.007656"
"SYNTH003","1738237124820","2025-01-30T11:38:44.851180","0.93371","-0.34056","-2.27467","2.48233","155.5721","-171.485","-22.095","24.84","-0.292","0.005494"
"SYNTH003","1738237124820","2025-01-30T11:38:44.869549","-1.60105","-0.71431","0.42658","1.80432","45.4814","-59.155","62.541","-4.429","-5.176","0.006116"
"SYNTH003","1738237124820","2025-01-30T11:38:44.872898","1.08217","1.27844","0.8693","1.88711","24.7173","55.786","-34.991","-3.602","-18.1","0.00335"
"SYNTH003","1738237124820","2025-01-30T11:38:44.907706","0.33198","1.87971","-0.06514","1.90991","91.9013","91.985","-10.01","-10.026","-19.419","0.005632"
"SYNTH003","1738237124820","2025-01-30T11:38:44.912619","0.89126","0.00983","1.37054","1.63488","-55.9749","0.411","-33.035","-0.405","18.037","0.004913"
"SYNTH003","1738237124820","2025-01-30T11:38:44.953345","1.70212","0.68519","0.45439","1.89028","102.0581","56.449","-64.218","-7.32","19.144","0.007693"
"SYNTH003","1738237124820","2025-01-30T11:38:44.965098","-1.81784","0.13261","-0.01299","1.82272","312.6737","95.596","85.808","-14.503","-23.076","0.003785"
"SYNTH003","1738237124820","2025-01-30T11:38:44.987233","-0.44935","-1.42641","1.29039","1.97526","97.6865","-47.866","13.149","3.734","-21.528","0.007398"
"SYNTH003","1738237124820","2025-01-30T11:38:45.025172","-1.02125","-0.90052","-0.92445","1.64575","14.0635","-135.751","38.355","-23.686","-9.735","0.003738"
"SYNTH003","1738237124820","2025-01-30T11:38:45.041792","0.31196","0.83768","1.65919","1.88466","290.3414","26.788","-9.528","-1.807","-20.477","0.005121"
"SYNTH003","1738237124820","2025-01-30T11:38:45.047576","2.98055","0.98648","-0.71085","3.21902","230.694","125.776","-67.807","-5.346","-14.315","0.005784"
"SYNTH003","1738237124820","2025-01-30T11:38:45.057285","-1.27544","-0.42888","-2.16817","2.55179","312.9962","-168.811","29.988","-24.202","-13.982","0.006672"
"SYNTH003","1738237124820","2025-01-30T11:38:45.106538","0.90026","-0.38503","-1.92521","2.1599","116.4036","-168.69","-24.633","8.791","14.766","0.007542"
"SYNTH003","1738237124820","2025-01-30T11:38:45.123907","-1.6739","0.04707","1.12462","2.01716","193.9971","2.397","56.081","-7.833","23.47","0.006078"
"SYNTH003","1738237124820","2025-01-30T11:38:45.136096","1.13154","-0.67953","-1.04923","1.68613","109.0141","-147.071","-42.151","-20.026","18.419","0.006402"
"SYNTH003","1738237124820","2025-01-30T11:38:45.174464","-1.39455","2.10085","-1.13338","2.76457","401.0888","118.346","30.294","22.654","14.925","0.004057"
"SYNTH003","1738237124820","2025-01-30T11:38:45.177634","-1.33567","-0.80768","-0.88749","1.79555","-305.7437","-137.695","48.063","-17.273","1.104","0.003169"
"SYNTH003","1738237124820","2025-01-30T11:38:45.191447","0.91668","1.66319","1.02136","2.15631","168.4025","58.446","-25.158","-6.339","9.666","0.005076"
"SYNTH003","1738237124820","2025-01-30T11:38:45.198832","0.04941","-1.91424","0.8886","2.11101","-6.1347","-65.099","-1.341","-20.649","13.747","0.007385"
"SYNTH003","1738237124820","2025-01-30T11:38:45.218892","-1.35209","-0.81757","-0.85961","1.79875","130.4292","-136.436","48.736","-11.767","-4.038","0.007038"
"SYNTH003","1738237124820","2025-01-30T11:38:45.229747","-1.24261","1.20744","0.02585","1.73282","99.6047","88.773","45.816","-3.651","17.949","0.003243"
"SYNTH003","1738237124820","2025-01-30T11:38:45.238010","-1.76493","0.52576","0.887","2.04406","159.5714","30.657","59.706","15.212","-12.555","0.0046"
"SYNTH003","1738237124820","2025-01-30T11:38:45.255242","-2.12208","-0.07094","0.82862","2.27923","251.8934","-4.893","68.6","16.145","12.564","0.004463"
"SYNTH003","1738237124820","2025-01-30T11:38:45.265149","1.62013","0.96982","-0.94044","2.10945","145.423","134.119","-50.178","-6.757","0.623","0.00613"
"SYNTH003","1738237124820","2025-01-30T11:38:45.283915","-2.06972","0.35758","0.258","2.11617","197.4114","54.189","77.973","21.899","-16.258","0.006741"
"SYNTH003","1738237124820","2025-01-30T11:38:45.299511","-0.18745","1.16151","1.18646","1.67091","131.9784","44.391","6.441","18.605","16.806","0.007951"
"SYNTH003","1738237124820","2025-01-30T11:38:45.306680","1.78234","0.62726","-0.46547","1.94599","38.3717","126.578","-66.335","-23.775","-4.852","0.007169"
"SYNTH003","1738237124820","2025-01-30T11:38:45.314334","-1.79366","-0.53862","0.67939","1.9922","6.0374","-38.407","64.202","-1.378","-23.833","0.007655"
"SYNTH003","1738237124820","2025-01-30T11:38:45.333634","-0.51337","-0.27863","-1.68936","1.78749","147.0095","-170.634","16.691","11.876","9.373","0.00733"
"SYNTH003","1738237124820","2025-01-30T11:38:45.340027","0.45733","0.53658","2.18037","2.29152","78.8342","13.825","-11.512","5.013","-6.833","0.006394"
"SYNTH003","1738237124820","2025-01-30T11:38:45.366280","1.29139","0.93079","0.66891","1.7267","218.8162","54.297","-48.408","-19.242","-7.213","0.005248"
"SYNTH003","1738237124820","2025-01-30T11:38:45.381289","1.26416","1.07846","-0.25358","1.68092","62.2373","103.232","-48.77","-22.993","6.851","0.003937"
"SYNTH003","1738237124820","2025-01-30T11:38:45.440998","0.34541","-1.72942","0.30591","1.78991","101.351","-79.969","-11.127","-21.785","10.891","0.0048"
"SYNTH003","1738237124820","2025-01-30T11:38:45.450798","0.88308","1.38891","-0.59411","1.74982","292.0247","113.159","-30.309","-14.032","-0.107","0.003837"
"SYNTH003","1738237124820","2025-01-30T11:38:45.469630","1.52889","-0.82978","0.44134","1.79466","47.1073","-61.993","-58.42","-8.754","-14.393","0.004366"
"SYNTH004","1742797853311","2025-03-24T06:30:53.326918","0.0486","0.77903","-2.33403","2.46108","163.2291","161.543","-1.131","9.01","1.874","0.006722"
"SYNTH004","1742797853311","2025-03-24T06:30:53.345472","-0.97729","-0.51566","-1.209","1.63789","28.4199","-156.901","36.632","2.843","14.249","0.004397"
"SYNTH004","1742797853311","2025-03-24T06:30:53.363904","0.66377","-1.57745","0.29148","1.73605","150.8282","-79.531","-22.479","4.91","13.239","0.004148"
"SYNTH004","1742797853311","2025-03-24T06:30:53.371835","1.07305","1.22052","-1.33879","2.10558","46.5952","137.646","-30.639","15.354","-7.986","0.007931"
"SYNTH004","1742797853311","2025-03-24T06:30:53.375989","-0.04129","1.97378","-1.37778","2.40744","72.6621","124.917","0.983","14.366","-8.572","0.004154"
"SYNTH004","1742797853311","2025-03-24T06:30:53.399586","0.96622","1.48958","-1.10783","2.09277","276.5753","126.639","-27.496","-12.376","-22.55","0.005909"
"SYNTH004","1742797853311","2025-03-24T06:30:53.418485","-1.84106","-1.0118","-0.11166","2.10373","426.0992","-96.298","61.061","-9.867","-14.326","0.003521"
"SYNTH004","1742797853311","2025-03-24T06:30:53.446282","1.48391","1.80187","-0.65272","2.42379","186.3609","109.913","-37.751","-19.198","-11.408","0.0067"
"SYNTH004","1742797853311","2025-03-24T06:30:53.467701","-0.92304","1.51424","-0.20362","1.78505","160.6378","97.659","31.138","16.313","13.143","0.006521"
"SYNTH004","1742797853311","2025-03-24T06:30:53.471973","-0.98855","-0.24093","1.41425","1.74224","-10.0212","-9.668","34.569","21.349","-4.663","0.004272"
"SYNTH004","1742797853311","2025-03-24T06:30:53.498654","0.76142","0.06346","-1.91318","2.06011","205.8835","178.1","-21.691","-23.678","1.406","0.003403"
"SYNTH004","1742797853311","2025-03-24T06:30:53.515372","1.3626","-0.57412","1.24456","1.93267","187.0401","-24.764","-44.832","-21.788","10.305","0.006309"
"SYNTH004","1742797853311","2025-03-24T06:30:53.522797","1.94124","0.77353","-0.44499","2.13653","27.4532","119.91","-65.312","-14.419","2.575","0.007426"
"SYNTH004","1742797853311","2025-03-24T06:30:53.616022","-0.98703","0.25451","2.38084","2.58987","161.2166","6.102","22.403","-0.97","19.054","0.007487"
"SYNTH004","1742797853311","2025-03-24T06:30:53.621765","1.08433","-0.21543","-2.10076","2.37389","-37.6056","-174.145","-27.179","19.49","2.692","0.005743"
"SYNTH004","1742797853311","2025-03-24T06:30:53.644284","-0.11929","-2.37392","0.15994","2.38229","340.9018","-86.146","2.87","-1.147","-5.946","0.004245"
"SYNTH004","1742797853311","2025-03-24T06:30:53.662376","-0.25007","-0.5392","1.69816","1.79917","56.2236","-17.616","7.99","-17.481","3.388","0.004834"
"SYNTH004","1742797853311","2025-03-24T06:30:53.679665","1.6649","1.04006","0.8264","2.12992","467.744","51.531","-51.414","-6.827","-6.249","0.003316"
"SYNTH004","1742797853311","2025-03-24T06:30:53.684535","-0.49984","-1.45879","1.39962","2.08251","-9.7347","-46.186","13.888","7.128","-5.824","0.00487"
"SYNTH004","1742797853311","2025-03-24T06:30:53.690136","-0.73887","-0.68916","-2.00188","2.2424","28.549","-161.004","19.238","-19.052","-19.085","0.005601"
"SYNTH004","1742797853311","2025-03-24T06:30:53.693864","-0.42723","2.39032","-0.23428","2.43947","52.86","95.598","10.086","23.994","7.31","0.003728"
"SYNTH004","1742797853311","2025-03-24T06:30:53.704473","2.43903","1.17655","1.74317","3.22053","465.3882","34.017","-49.23","-18.781","19.278","0.00486"
"SYNTH004","1742797853311","2025-03-24T06:30:53.718155","0.5243","-1.54739","0.07559","1.63555","37.784","-87.203","-18.697","-6.707","-10.924","0.007803"
"SYNTH004","1742797853311","2025-03-24T06:30:53.724914","-0.19563","0.31555","-1.60086","1.64335","1.1539","168.849","6.837","-17.651","20.277","0.006758"
"SYNTH004","1742797853311","2025-03-24T06:30:53.750070","1.58651","-0.65139","0.10535","1.71826","42.3596","-80.813","-67.417","7.585","18.28","0.004506"
"SYNTH004","1742797853311","2025-03-24T06:30:53.763021","0.30247","-0.31419","1.70267","1.75763","175.167","-10.455","-9.909","7.47","8.603","0.00316"
"SYNTH004","1742797853311","2025-03-24T06:30:53.767694","0.81391","-1.55125","1.38924","2.2358","102.3296","-48.154","-21.348","5.162","-0.107","0.004673"
"SYNTH004","1742797853311","2025-03-24T06:30:53.814457","-1.18332","-1.01355","-1.37381","2.07722","178.0295","-143.581","34.727","19.688","-14.355","0.003376"
"SYNTH004","1742797853311","2025-03-24T06:30:53.830136","-1.9527","-0.13288","-0.95385","2.17728","195.4755","-172.069","63.748","-11.335","-21.423","0.00402"
"SYNTH004","1742797853311","2025-03-24T06:30:53.836913","-0.65791","-2.51544","-0.10019","2.60198","62.674","-92.281","14.646","-4.18","13.087","0.006776"
"SYNTH004","1742797853311","2025-03-24T06:30:53.850145","0.62122","-1.36982","1.19805","1.92293","169.5393","-48.827","-18.848","23.098","-1.361","0.007553"
"SYNTH004","1742797853311","2025-03-24T06:30:53.862014","1.43461","0.9315","-1.23579","2.11021","244.7773","142.992","-42.831","-22.748","16.002","0.003725"
"SYNTH004","1742797853311","2025-03-24T06:30:53.866419","-0.86736","-1.60334","0.4424","1.87583","-53.2091","-74.574","27.541","-21.335","-12.548","0.004405"
"SYNTH004","1742797853311","2025-03-24T06:30:53.870717","1.38256","-1.01185","1.04994","2.0094","31.074","-43.942","-43.476","22.735","19.632","0.004299"
"SYNTH004","1742797853311","2025-03-24T06:30:53.876592","0.88629","1.28856","0.79691","1.75527","-43.2566","58.265","-30.327","-15.656","6.266","0.005875"
"SYNTH004","1742797853311","2025-03-24T06:30:53.922952","-1.42343","-0.32995","-0.74767","1.64135","23.655","-156.188","60.138","-20.245","9.237","0.007364"
"SYNTH004","1742797853311","2025-03-24T06:30:53.928936","-0.89181","1.14127","2.17033","2.60924","161.7672","27.738","19.986","8.417","-2.308","0.005983"
"SYNTH004","1742797853311","2025-03-24T06:30:53.940955","-1.7324","0.35082","-0.36584","1.80503","133.9165","136.201","73.692","-5.392","0.975","0.005189"
"SYNTH004","1742797853311","2025-03-24T06:30:53.945961","1.6353","-0.77161","-0.7859","1.97161","33.2737","-135.526","-56.04","12.275","-7.863","0.005006"
"SYNTH004","1742797853311","2025-03-24T06:30:53.955422","0.25415","1.95572","0.63093","2.07063","172.2824","72.12","-7.05","-10.421","-12.213","0.003705"
"SYNTH004","1741821062467","2025-03-12T23:11:02.518566","-0.60574","2.44798","0.89026","2.67434","245.3418","70.015","13.091","-8.69","-16.616","0.006739"
"SYNTH004","1741821062467","2025-03-12T23:11:02.522494","-1.11045","1.24631","-0.90515","1.89887","-197.4291","125.989","35.789","1.355","14.849","0.003928"
"SYNTH004","1741821062467","2025-03-12T23:11:02.564652","0.36777","1.63116","-0.58878","1.77274","183.3497","109.848","-11.974","17.867","-16.635","0.006388"
"SYNTH004","1741821062467","2025-03-12T23:11:02.587955","1.57341","0.57837","-0.1077","1.6798","67.9094","100.549","-69.499","10.255","-16.25","0.00371"
"SYNTH004","1741821062467","2025-03-12T23:11:02.596133","1.55742","-1.72711","0.75051","2.44372","266.0393","-66.513","-39.592","-2.513","15.501","0.00365"
"SYNTH004","1741821062467","2025-03-12T23:11:02.609763","0.12002","-0.00764","2.03725","2.04079","77.5619","-0.215","-3.372","-11.147","12.725","0.00643"
"SYNTH004","1741821062467","2025-03-12T23:11:02.614439","0.93554","-1.62087","-1.75805","2.56772","112.6996","-137.325","-21.367","4.322","14.53","0.004676"
"SYNTH004","1741821062467","2025-03-12T23:11:02.623176","1.57519","-0.70624","0.63144","1.83813","190.4081","-48.201","-58.976","-1.143","1.844","0.004909"
"SYNTH004","1741821062467","2025-03-12T23:11:02.627287","-1.60284","0.66304","0.57901","1.82865","-2.3058","48.87","61.225","-6.631","1.588","0.004111"
"SYNTH004","1741821062467","2025-03-12T23:11:02.657958","-0.78127","-1.92935","0.20482","2.09159","113.3693","-83.94","21.933","-2.03","-14.968","0.006202"
"SYNTH004","1741821062467","2025-03-12T23:11:02.693356","-1.4229","-0.79994","1.62157","2.30088","211.8187","-26.258","38.2","6.637","-19.513","0.004489"
"SYNTH004","1741821062467","2025-03-12T23:11:02.708858","1.76375","-1.33241","-0.68629","2.31454","173.1439","-117.252","-49.643","5.53","-11.607","0.00623"
"SYNTH004","1741821062467","2025-03-12T23:11:02.755928","-0.25035","0.14429","1.66322","1.68813","75.8763","4.958","8.528","-10.925","4.821","0.006165"
"SYNTH004","1741821062467","2025-03-12T23:11:02.760977","0.71723","-1.0211","1.54959","1.98955","59.7009","-33.383","-21.131","22.875","23.056","0.005049"
"SYNTH004","1741821062467","2025-03-12T23:11:02.777250","0.70524","1.01662","-1.65735","2.06826","89.8275","148.475","-19.937","5.28","-8.677","0.007733"
"SYNTH004","1741821062467","2025-03-12T23:11:02.785401","0.91824","-0.92072","-1.0464","1.66908","62.8567","-138.656","-33.377","8.106","13.576","0.005029"
"SYNTH004","1741821062467","2025-03-12T23:11:02.794652","-0.35267","1.65825","-0.34193","1.72947","186.2344","101.651","11.766","-14.129","-2.602","0.003902"
"SYNTH004","1741821062467","2025-03-12T23:11:02.799761","0.59432","-2.0524","-0.59561","2.21817","95.6561","-106.183","-15.541","2.646","-18.246","0.005109"
"SYNTH004","1741821062467","2025-03-12T23:11:02.813638","-0.96713","-1.20544","0.81163","1.74562","86.4212","-56.047","33.644","14.61","15.983","0.003935"
"SYNTH004","1741821062467","2025-03-12T23:11:02.820079","-1.31003","-1.17467","0.22362","1.77371","4.361","-79.222","47.611","5.738","-7.544","0.006441"
"SYNTH004","1741821062467","2025-03-12T23:11:02.848316","-0.26895","-1.70267","-0.63735","1.83783","94.0058","-110.522","8.415","-9.209","-3.824","0.006961"
"SYNTH004","1741821062467","2025-03-12T23:11:02.880927","1.50025","0.88482","-0.17238","1.75025","121.6592","101.024","-59.0","18.459","-24.036","0.006894"
"SYNTH004","1741821062467","2025-03-12T23:11:02.921837","-1.41169","-0.62994","-0.68556","1.69106","128.9793","-137.421","56.594","15.913","4.011","0.006632"
"SYNTH004","1741821062467","2025-03-12T23:11:02.925883","0.85926","-1.30559","-1.12259","1.92434","57.6635","-130.69","-26.521","13.031","-23.39","0.004046"
"SYNTH004","1741821062467","2025-03-12T23:11:02.933569","-0.14713","-0.89909","-1.37189","1.64684","-36.1069","-146.761","5.126","6.8","17.243","0.007686"
"SYNTH004","1741821062467","2025-03-12T23:11:02.951046","-1.01769","-0.3241","1.82764","2.11683","292.2162","-10.056","28.735","-7.174","-21.85","0.00462"
"SYNTH004","1741821062467","2025-03-12T23:11:02.960113","1.33077","0.46223","2.31517","2.7101","392.6619","11.291","-29.409","2.007","-10.857","0.003649"
"SYNTH004","1741821062467","2025-03-12T23:11:02.969145","0.08804","-1.24705","1.44974","1.91433","321.3179","-40.702","-2.636","-3.369","10.212","0.003253"
"SYNTH004","1741821062467","2025-03-12T23:11:02.987549","-1.81281","-1.82102","1.06521","2.78156","247.4672","-59.674","40.672","-19.748","21.574","0.004721"
"SYNTH004","1741821062467","2025-03-12T23:11:03.005373","-1.51841","1.58052","0.22024","2.20275","245.6627","82.067","43.577","6.615","21.154","0.006503"
"SYNTH004","1741821062467","2025-03-12T23:11:03.045534","-1.16747","1.03321","-0.67234","1.6978","164.7351","123.053","43.443","0.119","-14.945","0.005499"
"SYNTH004","1741821062467","2025-03-12T23:11:03.049706","-0.31323","-1.85128","-1.0669","2.15955","110.6628","-119.955","8.34","-23.57","7.897","0.004173"
"SYNTH004","1741821062467","2025-03-12T23:11:03.064290","1.20509","-1.20243","-0.92657","1.9382","193.1308","-127.617","-38.444","-0.3","0.772","0.006694"
"SYNTH004","1741821062467","2025-03-12T23:11:03.082458","0.54241","0.46056","-1.88756","2.01723","172.3773","166.288","-15.598","-2.17","-10.521","0.003888"
"SYNTH004","1741821062467","2025-03-12T23:11:03.087339","1.01933","1.19171","-0.88383","1.8001","-44.4839","126.562","-34.49","2.518","9.029","0.004881"
"SYNTH004","1741821062467","2025-03-12T23:11:03.108865","0.06546","1.21516","1.90937","2.26419","151.7332","32.473","-1.657","9.044","14.295","0.007967"
"SYNTH004","1741821062467","2025-03-12T23:11:03.113829","1.06018","-0.36646","-1.99504","2.28877","4.9513","-169.592","-27.594","-14.335","4.076","0.004964"
"SYNTH005","1739439509064","2025-02-13T09:38:29.079335","-0.75185","1.91969","-2.85278","3.51978","306.5262","146.063","12.334","19.725","-11.067","0.007987"
"SYNTH005","1739439509064","2025-02-13T09:38:29.113334","0.39947","-1.91729","-0.46139","2.01208","62.7651","-103.531","-11.451","-22.773","23.224","0.007262"
"SYNTH005","1739439509064","2025-02-13T09:38:29.122293","1.42733","2.8084","-2.1907","3.83713","537.644","127.956","-21.838","-23.27","-9.513","0.004314"
"SYNTH005","1739439509064","2025-02-13T09:38:29.138772","0.9367","-1.79957","0.72198","2.15339","194.0006","-68.14","-25.784","-5.208","9.252","0.003739"
"SYNTH005","1739439509064","2025-02-13T09:38:29.144799","1.60599","1.45038","-0.45412","2.21112","9.579","107.386","-46.579","23.196","2.917","0.006026"
"SYNTH005","1739439509064","2025-02-13T09:38:29.151498","1.76856","1.99322","1.12334","2.89182","101.6009","60.595","-37.703","14.934","19.067","0.0067"
"SYNTH005","1739439509064","2025-02-13T09:38:29.198457","0.18542","1.03958","-1.8897","2.16473","401.8052","151.183","-4.914","-16.212","-16.867","0.003891"
"SYNTH005","1739439509064","2025-02-13T09:38:29.213072","1.84907","0.02822","-0.59715","1.94331","81.3062","177.294","-72.084","-21.224","-11.104","0.007711"
"SYNTH005","1739439509064","2025-02-13T09:38:29.229072","1.23982","1.16096","-0.87349","1.90996","175.6971","126.957","-40.476","5.806","14.205","0.00369"
"SYNTH005","1739439509064","2025-02-13T09:38:29.233685","-0.50733","0.70183","-1.61271","1.83051","-17.2223","156.482","16.09","17.353","13.724","0.004613"
"SYNTH005","1739439509064","2025-02-13T09:38:29.275931","0.0296","1.20864","-1.2288","1.72384","176.4766","135.474","-0.984","17.275","-13.625","0.005625"
"SYNTH005","1739439509064","2025-02-13T09:38:29.317027","-1.67306","-0.24504","-0.21947","1.7051","230.7502","-131.85","78.876","-7.82","13.818","0.00525"
"SYNTH005","1739439509064","2025-02-13T09:38:29.325266","-2.5831","-0.02244","1.03849","2.78413","430.1216","-1.238","68.094","-2.569","-23.544","0.003452"
"SYNTH005","1739439509064","2025-02-13T09:38:29.329731","0.34817","-1.11842","-1.65257","2.0256","-169.9051","-145.911","-9.897","-0.567","14.809","0.004464"
"SYNTH005","1739439509064","2025-02-13T09:38:29.338065","0.15675","-1.91203","-2.07263","2.82422","390.1911","-137.308","-3.182","-21.359","-12.42","0.004114"
"SYNTH005","1739439509064","2025-02-13T09:38:29.345710","1.31495","-0.93283","-1.47567","2.1856","-83.5354","-147.701","-36.988","-13.288","11.896","0.007645"
"SYNTH005","1739439509064","2025-02-13T09:38:29.370011","0.41176","-0.2877","-1.80708","1.87559","110.8387","-170.954","-12.682","8.788","14.831","0.003663"
"SYNTH005","1739439509064","2025-02-13T09:38:29.399141","-0.04041","-1.43618","-0.83076","1.65964","177.8933","-120.047","1.395","24.075","-21.328","0.005902"
"SYNTH005","1739439509064","2025-02-13T09:38:29.423047","-1.35034","-0.87748","0.40911","1.66155","109.9277","-65.004","54.36","-13.846","8.526","0.005932"
"SYNTH005","1739439509064","2025-02-13T09:38:29.435171","-0.12042","-0.90146","1.55476","1.80122","223.716","-30.105","3.833","13.533","21.513","0.006332"
"SYNTH005","1739439509064","2025-02-13T09:38:29.449413","1.42912","0.09052","-1.19193","1.86314","109.9769","175.657","-50.09","-18.579","8.056","0.006533"
"SYNTH005","1739439509064","2025-02-13T09:38:29.456233","-0.66354","-1.84958","-0.60794","2.0569","28.4128","-108.195","18.82","17.285","16.728","0.006819"
"SYNTH005","1739439509064","2025-02-13T09:38:29.500365","0.66333","-1.0662","-1.74789","2.15219","407.0061","-148.617","-17.952","-17.483","15.057","0.003037"
"SYNTH005","1739439509064","2025-02-13T09:38:29.511408","1.36694","1.66701","-0.39729","2.1921","140.0991","103.405","-38.578","19.119","-20.968","0.007642"
"SYNTH005","1739439509064","2025-02-13T09:38:29.521720","0.96102","1.95391","-0.00136","2.17746","196.6918","90.04","-26.19","15.094","-8.054","0.006891"
"SYNTH005","1739439509064","2025-02-13T09:38:29.531945","1.043","-0.0176","-1.52611","1.84856","261.3369","-179.339","-34.348","-8.68","17.308","0.006288"
"SYNTH005","1739439509064","2025-02-13T09:38:29.546657","-0.85036","1.73638","0.69594","2.05487","167.3323","68.159","24.446","9.737","-11.913","0.004882"
"SYNTH005","1739439509064","2025-02-13T09:38:29.551545","0.0738","-0.5653","-1.5426","1.64457","-83.9418","-159.874","-2.572","23.039","-14.4","0.004888"
"SYNTH005","1739439509064","2025-02-13T09:38:29.556926","1.17339","1.38513","-0.1381","1.82058","32.7085","95.694","-40.129","11.156","-1.113","0.005381"
"SYNTH005","1739439509064","2025-02-13T09:38:29.575955","2.20233","-1.28559","0.12295","2.55306","205.4632","-84.537","-59.612","0.579","7.233","0.00693"
"SYNTH005","1739439509064","2025-02-13T09:38:29.581711","-0.05164","0.98768","1.65181","1.92526","-109.0719","30.877","1.537","19.019","13.673","0.005756"
"SYNTH005","1739439509064","2025-02-13T09:38:29.586378","0.09616","-2.4944","-0.93527","2.66571","158.6508","-110.553","-2.067","-6.217","17.745","0.004667"
"SYNTH005","1739439509064","2025-02-13T09:38:29.596166","0.53735","-1.13569","1.04283","1.6328","38.6255","-47.441","-19.214","-10.775","-16.794","0.005444"
"SYNTH005","1739439509064","2025-02-13T09:38:29.621185","-0.21052","0.96836","-1.61402","1.89396","60.1076","149.037","6.382","-17.723","23.928","0.007852"
"SYNTH005","1739439509064","2025-02-13T09:38:29.657691","1.22113","1.37229","-0.39223","1.87835","136.128","105.951","-40.55","-11.548","-18.35","0.005001"
"SYNTH005","1739439509064","2025-02-13T09:38:29.671464","1.41803","-0.47281","-0.8844","1.73681","82.9688","-151.871","-54.731","-12.593","9.271","0.007605"
"SYNTH005","1739439509064","2025-02-13T09:38:29.678539","1.93694","0.86167","-0.45425","2.16808","60.9544","117.797","-63.302","-22.497","8.583","0.007075"
"SYNTH005","1739439509064","2025-02-13T09:38:29.693208","-1.32529","-1.09536","0.99088","1.98445","79.1985","-47.867","41.9","-18.419","21.982","0.007028"
"SYNTH005","1739439509064","2025-02-13T09:38:29.697412","0.57245","-1.12306","1.29673","1.80844","-41.8664","-40.895","-18.454","-21.505","6.974","0.004204"
"SYNTH005","1739439509064","2025-02-13T09:38:29.713766","1.27389","0.3187","-1.20364","1.78132","168.6394","165.169","-45.654","12.793","2.252","0.003738"
"SYNTH005","1739439509064","2025-02-13T09:38:29.719546","-0.38028","1.97167","0.79929","2.16123","65.7282","67.933","10.134","-12.375","10.138","0.00578"
"SYNTH005","1739439509064","2025-02-13T09:38:29.723106","-1.21665","-1.6335","-0.37277","2.07064","-25.4461","-102.855","35.985","-5.813","-7.786","0.00356"
"SYNTH005","1742493243371","2025-03-20T17:54:03.375887","-0.38781","0.58779","1.72219","1.8606","0.0","18.845","12.031","18.363","-3.03","0.004887"
"SYNTH005","1742493243371","2025-03-20T17:54:03.379604","-0.49319","-0.74066","-1.38746","1.64829","-57.1109","-151.906","17.411","8.412","16.55","0.003718"
"SYNTH005","1742493243371","2025-03-20T17:54:03.394074","1.5976","0.54473","1.66504","2.37095","110.0999","18.116","-42.363","21.939","1.673","0.007429"
"SYNTH005","1742493243371","2025-03-20T17:54:03.401918","-0.46076","-1.75205","1.18081","2.16247","-26.5789","-56.022","12.302","5.223","21.787","0.007844"
"SYNTH005","1742493243371","2025-03-20T17:54:03.404959","0.40841","-1.22631","1.53403","2.00596","-51.4568","-38.639","-11.748","-24.179","0.308","0.003042"
"SYNTH005","1742493243371","2025-03-20T17:54:03.411705","-0.87527","0.55969","-3.30846","3.46774","216.6984","170.398","14.62","6.524","6.897","0.006746"
"SYNTH005","1742493243371","2025-03-20T17:54:03.434866","0.51033","-0.34029","-1.77745","1.88031","126.8582","-169.162","-15.748","-12.205","-24.781","0.007174"
"SYNTH005","1742493243371","2025-03-20T17:54:03.438419","-1.62182","0.16273","-2.03645","2.60843","204.9517","175.431","38.445","7.285","13.893","0.003553"
"SYNTH005","1742493243371","2025-03-20T17:54:03.450034","1.85799","1.20294","0.37651","2.24521","221.8066","72.62","-55.846","-17.203","-5.484","0.005483"
"SYNTH005","1742493243371","2025-03-20T17:54:03.456019","0.53163","-1.25504","0.903","1.63499","-101.9605","-54.265","-18.975","6.7","8.235","0.005985"
"SYNTH005","1742493243371","2025-03-20T17:54:03.462315","-1.57211","0.02003","-1.0429","1.88668","39.976","178.9","56.436","-8.232","16.052","0.006296"
"SYNTH005","1742493243371","2025-03-20T17:54:03.488375","-1.63341","0.99637","0.25476","1.9302","226.5752","75.657","57.805","8.163","-16.668","0.006283"
"SYNTH005","1742493243371","2025-03-20T17:54:03.491838","1.45196","0.7101","0.23307","1.63301","-85.8227","71.829","-62.764","-16.027","23.673","0.003463"
"SYNTH005","1742493243371","2025-03-20T17:54:03.530136","0.13017","-1.76866","0.09154","1.77581","70.9537","-87.037","-4.204","-22.362","11.265","0.005077"
"SYNTH005","1742493243371","2025-03-20T17:54:03.537417","-2.00587","-1.87698","-0.71863","2.83954","417.3675","-110.95","44.943","-15.345","14.636","0.003835"
"SYNTH005","1742493243371","2025-03-20T17:54:03.542468","-0.13592","1.17511","-1.26249","1.7301","-219.6614","137.053","4.506","-1.602","11.075","0.005051"
"SYNTH005","1742493243371","2025-03-20T17:54:03.581834","-0.5095","-2.05626","0.65318","2.21685","176.9075","-72.377","13.287","-21.289","-10.349","0.005076"
"SYNTH005","1742493243371","2025-03-20T17:54:03.593410","-1.23231","-0.85286","0.9354","1.76662","240.5981","-42.357","44.231","-14.222","3.425","0.005637"
"SYNTH005","1742493243371","2025-03-20T17:54:03.609574","-0.14828","1.23214","1.12854","1.67742","167.4316","47.513","5.071","-19.537","-19.017","0.005707"
"SYNTH005","1742493243371","2025-03-20T17:54:03.615944","-0.71918","-1.73555","-1.05857","2.15637","75.187","-121.38","19.482","-19.378","-15.015","0.00637"
"SYNTH005","1742493243371","2025-03-20T17:54:03.619824","-0.51135","-0.17132","-2.02143","2.09213","-16.5568","-175.156","14.147","19.988","18.983","0.00388"
"SYNTH005","1742493243371","2025-03-20T17:54:03.622862","2.31404","-0.13459","1.34028","2.67754","192.7111","-5.735","-59.796","20.981","1.348","0.003038"
"SYNTH005","1742493243371","2025-03-20T17:54:03.630030","0.78078","1.51659","0.04829","1.70646","-135.4826","88.176","-27.229","-6.783","-18.806","0.007168"
"SYNTH005","1742493243371","2025-03-20T17:54:03.640045","0.47109","-1.58298","0.24722","1.66999","33.2305","-81.123","-16.385","-16.295","-0.732","0.006601"
"SYNTH005","1742493243371","2025-03-20T17:54:03.654882","0.53785","-1.27687","0.86506","1.6334","64.4882","-55.883","-19.225","-17.463","11.173","0.007389"
"SYNTH005","1742493243371","2025-03-20T17:54:03.665884","-1.94303","-0.53339","-1.42647","2.46875","236.204","-159.498","51.911","-4.52","-21.445","0.005498"
"SYNTH005","1742493243371","2025-03-20T17:54:03.686939","0.56448","1.58073","0.9525","1.92993","409.0393","58.928","-17.007","-16.574","-8.74","0.003873"
"SYNTH005","1742493243371","2025-03-20T17:54:03.722022","1.5692","0.20088","-0.98396","1.86304","274.7277","168.462","-57.382","-12.49","-2.141","0.005672"
"SYNTH005","1742493243371","2025-03-20T17:54:03.755424","1.47901","0.49938","0.70054","1.71103","74.9024","35.483","-59.814","-23.918","-16.824","0.006575"
"SYNTH005","1742493243371","2025-03-20T17:54:03.770483","1.57946","-1.43997","-0.01181","2.13737","141.5717","-90.47","-47.644","2.883","24.235","0.005341"
"SYNTH005","1742493243371","2025-03-20T17:54:03.777869","-0.55852","1.76294","0.07413","1.85078","-38.8025","87.592","17.564","-22.66","-10.946","0.007386"
"SYNTH005","1742493243371","2025-03-20T17:54:03.785099","1.09665","-0.69067","1.28425","1.82455","-3.6288","-28.271","-36.946","-18.545","-5.414","0.00723"
"SYNTH005","1742493243371","2025-03-20T17:54:03.802361","0.31295","1.01116","-1.75062","2.04574","337.694","149.989","-8.8","-8.594","11.503","0.004045"
"SYNTH005","1742493243371","2025-03-20T17:54:03.807998","0.35005","2.02625","-0.6249","2.14912","18.3413","107.14","-9.374","-5.087","24.162","0.005637"
"SYNTH005","1742493243371","2025-03-20T17:54:03.812926","-2.18908","-0.02704","0.10177","2.19161","8.6225","-14.879","87.246","-20.744","-16.183","0.004928"
"SYNTH005","1742493243371","2025-03-20T17:54:03.828352","0.80346","0.09912","-1.71779","1.89899","58.2897","176.698","-25.03","8.763","-0.956","0.004692"
"SYNTH005","1742493243371","2025-03-20T17:54:03.855174","0.09143","1.26868","1.57346","2.02329","202.1137","38.879","-2.59","-8.952","17.768","0.007836"
"SYNTH005","1742493243371","2025-03-20T17:54:03.862767","0.00069","-2.06843","-0.44561","2.11589","409.3596","-102.158","-0.019","24.361","-19.541","0.004149"
"SYNTH005","1742493243371","2025-03-20T17:54:03.867826","-0.51108","0.7542","-2.01264","2.20924","18.4537","159.457","13.376","22.942","-0.094","0.005059"
"SYNTH005","1742493243371","2025-03-20T17:54:03.877078","-2.26714","-0.0686","-0.20565","2.27748","221.7653","-161.553","84.538","22.687","12.926","0.005497"
"SYNTH005","1742493243371","2025-03-20T17:54:03.892027","1.1185","-0.90036","-1.17165","1.85323","150.9038","-142.459","-37.124","-6.68","-4.295","0.007584"
"SYNTH005","1742493243371","2025-03-20T17:54:03.902769","0.2714","-1.59513","-0.24997","1.63725","238.9406","-98.906","-9.542","-5.862","15.12","0.004321"
"SYNTH005","1742493243371","2025-03-20T17:54:03.909715","1.737","-1.00222","-0.43502","2.05204","59.7152","-113.464","-57.831","16.373","-24.087","0.006946"
"SYNTH005","1742493243371","2025-03-20T17:54:03.930334","-0.95223","2.05718","0.4885","2.31892","296.9208","76.642","24.245","21.343","-23.971","0.004963"
"SYNTH005","1742493243371","2025-03-20T17:54:03.943300","1.29391","1.05497","-1.09549","1.99681","82.3473","136.08","-40.39","-10.257","-17.281","0.007831"
"SYNTH005","1742493243371","2025-03-20T17:54:03.976093","-1.08231","1.22461","-0.51551","1.71371","98.2677","112.829","39.165","1.194","15.666","0.007572"
"SYNTH005","1742493243371","2025-03-20T17:54:03.991015","0.02217","-2.13688","0.10587","2.13962","184.6773","-87.164","-0.594","23.8","18.32","0.003961"
"SYNTH005","1742493243371","2025-03-20T17:54:04.003648","-1.68477","-0.45023","-0.20028","1.75536","79.2326","-113.981","73.697","9.168","15.088","0.005652"
"SYNTH005","1742493243371","2025-03-20T17:54:04.019563","0.92393","-2.62498","-0.97638","2.94915","484.6279","-110.403","-18.257","6.055","7.871","0.004799"
"SYNTH005","1742493243371","2025-03-20T17:54:04.032897","0.50811","2.02297","-0.16139","2.09204","85.185","94.561","-14.057","-12.154","21.627","0.006081"
"SYNTH005","1742493243371","2025-03-20T17:54:04.038830","0.30855","1.82069","-0.30232","1.87123","-37.2176","99.428","-9.491","22.022","24.646","0.005933"
"SYNTH006","1741003597255","2025-03-03T12:06:37.271395","1.22755","-0.28472","1.06638","1.65079","103.2109","-14.949","-48.04","10.583","24.021","0.005869"
"SYNTH006","1741003597255","2025-03-03T12:06:37.320533","-0.42239","-0.37613","1.91563","1.99738","110.034","-11.109","12.209","2.698","8.438","0.007115"
"SYNTH006","1741003597255","2025-03-03T12:06:37.342503","-0.15376","1.64252","0.05677","1.65067","65.5198","88.02","5.345","13.413","-14.128","0.005055"
"SYNTH006","1741003597255","2025-03-03T12:06:37.366838","-0.66131","0.14325","2.1359","2.24052","171.7961","3.837","17.167","9.796","-4.472","0.004244"
"SYNTH006","1741003597255","2025-03-03T12:06:37.373490","-2.04286","-0.23446","0.75472","2.1904","-7.5337","-17.258","68.851","21.725","-18.738","0.006652"
"SYNTH006","1741003597255","2025-03-03T12:06:37.383060","-1.34632","0.02913","1.30805","1.87734","185.7277","1.276","45.819","-20.608","7.591","0.00305"
"SYNTH006","1741003597255","2025-03-03T12:06:37.416040","-1.55253","0.44463","0.31448","1.64528","117.0336","54.729","70.67","10.547","-1.092","0.007761"
"SYNTH006","1741003597255","2025-03-03T12:06:37.427095","1.6796","0.39586","0.23457","1.74149","41.3632","59.35","-74.679","-21.934","0.491","0.005931"
"SYNTH006","1741003597255","2025-03-03T12:06:37.432551","-0.75901","1.90175","0.38086","2.08274","62.5424","78.675","21.372","14.786","-9.793","0.005456"
"SYNTH006","1741003597255","2025-03-03T12:06:37.455117","-0.18325","-0.3905","1.60145","1.65853","127.174","-13.704","6.344","-14.21","-10.796","0.007307"
"SYNTH006","1741003597255","2025-03-03T12:06:37.459390","-1.05094","-2.09964","-1.49989","2.78615","263.8718","-125.54","22.16","15.573","-23.562","0.004273"
"SYNTH006","1741003597255","2025-03-03T12:06:37.487018","0.77355","-0.00329","-2.01804","2.16122","172.2703","-179.907","-20.973","1.757","12.697","0.006852"
"SYNTH006","1741003597255","2025-03-03T12:06:37.512582","0.64887","-1.35944","-0.91396","1.76194","83.9084","-123.913","-21.609","4.834","-7.505","0.006731"
"SYNTH006","1741003597255","2025-03-03T12:06:37.523240","-1.64854","0.00845","0.40091","1.69661","179.9085","1.208","76.328","-22.739","-17.15","0.003747"
"SYNTH006","1741003597255","2025-03-03T12:06:37.544482","2.28767","-0.19601","-0.25491","2.31016","210.3994","-142.442","-81.999","1.431","-21.096","0.006474"
"SYNTH006","1741003597255","2025-03-03T12:06:37.575458","-1.27988","-0.92286","-1.02249","1.88023","48.8972","-137.932","42.899","8.519","-3.193","0.006118"
"SYNTH006","1741003597255","2025-03-03T12:06:37.598024","-1.85223","1.38079","0.42966","2.34988","306.2398","72.716","52.02","-12.619","-20.417","0.003719"
"SYNTH006","1741003597255","2025-03-03T12:06:37.620969","2.51296","-0.93038","0.07361","2.68067","228.6926","-85.476","-69.625","-8.619","-21.881","0.005043"
"SYNTH006","1741003597255","2025-03-03T12:06:37.627892","1.63625","-1.1906","-0.90143","2.21527","-67.2227","-127.13","-47.614","2.746","-1.533","0.006923"
"SYNTH006","1741003597255","2025-03-03T12:06:37.637207","-1.30157","0.24939","-2.15629","2.53099","307.2977","173.403","30.948","8.13","19.473","0.0051"
"SYNTH006","1741003597255","2025-03-03T12:06:37.640513","2.31231","0.84182","-0.49137","2.50936","-6.5424","120.272","-67.143","5.701","-19.862","0.003306"
"SYNTH006","1741003597255","2025-03-03T12:06:37.645934","-0.65833","2.0935","-0.30262","2.21533","-54.2415","98.225","17.288","-19.674","7.464","0.005421"
"SYNTH006","1741003597255","2025-03-03T12:06:37.648949","1.03968","-0.01416","2.38177","2.59884","127.1986","-0.341","-23.582","-20.925","-23.458","0.003015"
"SYNTH006","1741003597255","2025-03-03T12:06:37.659351","-1.78832","2.08777","-0.89258","2.89026","487.5828","113.148","38.224","-1.935","16.435","0.005214"
"SYNTH006","1741003597255","2025-03-03T12:06:37.663377","-0.71489","-2.01667","-0.3559","2.16903","-179.13","-100.008","19.244","-10.903","-4.567","0.004026"
"SYNTH006","1741003597255","2025-03-03T12:06:37.699092","-0.62213","-1.1475","1.34753","1.87607","305.3032","-40.416","19.367","-2.052","2.889","0.004832"
"SYNTH006","1741003597255","2025-03-03T12:06:37.704600","0.38446","-0.05925","2.20866","2.24265","66.5564","-1.537","-9.871","20.384","-13.562","0.005508"
"SYNTH006","1741003597255","2025-03-03T12:06:37.711129","0.8977","1.7532","-0.27931","1.98937","457.4125","99.052","-26.824","-16.239","16.886","0.003021"
"SYNTH006","1741003597255","2025-03-03T12:06:37.732498","1.67026","-0.12884","0.81595","1.86337","72.8409","-8.973","-63.684","16.841","-23.953","0.00691"
"SYNTH006","1741003597255","2025-03-03T12:06:37.745192","-1.47579","-1.25449","1.26457","2.31319","135.7102","-44.771","39.642","-21.742","8.76","0.006578"
"SYNTH006","1741003597255","2025-03-03T12:06:37.750957","-0.53811","2.2615","-0.19557","2.33285","3.4096","94.943","13.336","9.881","9.58","0.005764"
"SYNTH006","1741003597255","2025-03-03T12:06:37.802708","-0.54688","0.62089","2.43896","2.57548","307.2784","14.283","12.26","-13.634","-1.138","0.005221"
"SYNTH006","1741003597255","2025-03-03T12:06:37.829773","1.49246","-0.96436","0.16605","1.78466","193.5203","-80.23","-56.749","-17.891","11.164","0.003536"
"SYNTH006","1741003597255","2025-03-03T12:06:37.846203","-1.22738","0.11104","-1.49704","1.93905","77.8123","175.758","39.27","-18.576","-23.859","0.004669"
"SYNTH006","1741003597255","2025-03-03T12:06:37.859276","-0.06228","0.12755","1.66131","1.66736","79.328","4.39","2.141","-1.47","12.04","0.007099"
"SYNTH006","1741003597255","2025-03-03T12:06:37.875007","-1.7588","0.43752","0.95314","2.04775","101.3191","24.657","59.193","-18.609","-18.673","0.005223"
"SYNTH006","1741003597255","2025-03-03T12:06:37.881112","0.24109","-1.0079","1.26758","1.6373","-67.2357","-38.49","-8.468","-18.741","5.541","0.006105"
"SYNTH006","1741003597255","2025-03-03T12:06:37.894430","1.00418","1.02553","-1.42055","2.01942","141.9095","144.174","-29.819","-8.184","-11.679","0.004692"
"SYNTH006","1741003597255","2025-03-03T12:06:37.898306","0.96798","0.35204","2.32072","2.53902","134.0375","8.626","-22.41","16.134","-19.722","0.003877"
"SYNTH006","1741003597255","2025-03-03T12:06:37.908610","1.48046","0.58956","0.4022","1.6435","18.3146","55.698","-64.263","-22.677","-24.352","0.004158"
"SYNTH006","1743590444245","2025-04-02T10:40:44.260129","-1.20926","1.21554","0.90678","1.93961","94.5163","53.278","38.569","4.336","-17.091","0.00479"
"SYNTH006","1743590444245","2025-04-02T10:40:44.274748","-1.03001","1.20475","1.92952","2.49707","377.4936","31.98","24.361","23.468","-24.431","0.003983"
"SYNTH006","1743590444245","2025-04-02T10:40:44.319418","-1.58566","-0.43148","0.17703","1.65283","81.4648","-67.692","73.61","9.53","-23.885","0.007689"
"SYNTH006","1743590444245","2025-04-02T10:40:44.323423","1.7237","0.34365","0.25127","1.77549","30.6331","53.826","-76.127","11.249","5.823","0.004004"
"SYNTH006","1743590444245","2025-04-02T10:40:44.328920","-0.37518","-1.08714","1.72105","2.06994","53.5647","-32.279","10.443","15.623","0.208","0.005497"
"SYNTH006","1743590444245","2025-04-02T10:40:44.345246","0.3578","2.15087","0.54663","2.2479","219.9321","75.74","-9.159","-18.774","-6.088","0.004765"
"SYNTH006","1743590444245","2025-04-02T10:40:44.352337","-1.16772","-0.13201","-1.30526","1.75633","-69.3218","-174.225","41.672","14.583","5.445","0.007091"
"SYNTH006","1743590444245","2025-04-02T10:40:44.366572","-1.04454","1.34191","-2.14356","2.73617","308.8776","147.953","22.442","11.436","-19.789","0.006903"
"SYNTH006","1743590444245","2025-04-02T10:40:44.382587","-0.2537","-1.5714","-0.99683","1.87812","167.9198","-122.389","7.763","-2.461","-19.962","0.003859"
"SYNTH006","1743590444245","2025-04-02T10:40:44.391474","0.26529","-0.4714","2.35551","2.41682","361.8026","-11.317","-6.302","-13.872","7.918","0.003424"
"SYNTH006","1743590444245","2025-04-02T10:40:44.396610","-1.69965","0.93514","0.81068","2.1025","-61.1911","49.078","53.94","11.603","11.883","0.005137"
"SYNTH006","1743590444245","2025-04-02T10:40:44.400828","0.90373","1.0586","-1.52695","2.06614","-8.62","145.267","-25.938","-20.848","17.919","0.004217"
"SYNTH006","1743590444245","2025-04-02T10:40:44.410997","0.54385","1.63109","-0.62027","1.82783","327.2906","110.821","-17.31","-17.634","6.607","0.003355"
"SYNTH006","1743590444245","2025-04-02T10:40:44.422474","-0.44839","-1.1689","-1.28163","1.79164","118.2921","-137.634","14.493","3.078","9.675","0.005492"
"SYNTH006","1743590444245","2025-04-02T10:40:44.426540","-1.56482","0.99855","-1.93365","2.68044","218.5923","152.688","35.718","3.201","-14.925","0.004066"
"SYNTH006","1743590444245","2025-04-02T10:40:44.440324","1.61516","0.7727","0.53323","1.86819","93.8518","55.391","-59.832","7.973","18.202","0.007756"
"SYNTH006","1743590444245","2025-04-02T10:40:44.451006","1.66314","1.7215","2.29633","3.31704","524.8181","36.858","-30.092","5.38","-8.814","0.004523"
"SYNTH006","1743590444245","2025-04-02T10:40:44.481297","1.51217","0.95106","-0.63428","1.89565","142.7791","123.7","-52.912","22.464","-10.932","0.006624"
"SYNTH006","1743590444245","2025-04-02T10:40:44.486238","2.00547","-0.73461","0.02155","2.13589","48.6245","-88.32","-69.874","-16.736","-12.071","0.004941"
"SYNTH006","1743590444245","2025-04-02T10:40:44.524274","-1.52924","-0.93789","-0.23287","1.80899","68.7445","-103.944","57.71","-22.665","24.348","0.004996"
"SYNTH006","1743590444245","2025-04-02T10:40:44.537582","-1.61952","-1.43569","-0.10527","2.16683","117.9545","-94.194","48.367","-6.728","-9.439","0.006103"
"SYNTH006","1743590444245","2025-04-02T10:40:44.574615","0.24632","-1.4185","0.98678","1.74544","47.1821","-55.176","-8.113","-18.165","-2.36","0.006004"
"SYNTH006","1743590444245","2025-04-02T10:40:44.580906","-1.09807","1.84028","-0.42445","2.18461","69.8092","102.988","30.175","2.448","-7.723","0.006291"
"SYNTH006","1743590444245","2025-04-02T10:40:44.586466","0.19419","3.10214","1.08751","3.29297","199.3301","70.681","-3.381","-5.532","-6.056","0.00556"
"SYNTH006","1743590444245","2025-04-02T10:40:44.590991","1.12899","-0.59169","1.14335","1.7123","-349.3495","-27.362","-41.25","-24.965","4.614","0.004525"
"SYNTH006","1743590444245","2025-04-02T10:40:44.624993","0.49435","1.72878","-0.02893","1.7983","176.8478","90.959","-15.956","10.07","15.877","0.004223"
"SYNTH006","1743590444245","2025-04-02T10:40:44.640553","0.55557","0.36044","1.9936","2.10072","228.8438","10.248","-15.335","13.207","-21.275","0.004296"
"SYNTH006","1743590444245","2025-04-02T10:40:44.647427","0.9765","0.92172","-1.55749","2.05643","-6.4431","149.383","-28.35","17.746","22.83","0.006874"
"SYNTH006","1743590444245","2025-04-02T10:40:44.669506","-2.17791","-0.42381","0.85165","2.3766","150.2852","-26.456","66.405","-22.814","1.777","0.007851"
"SYNTH006","1743590444245","2025-04-02T10:40:44.674779","0.52235","-0.01505","-1.7045","1.78281","-112.6207","-179.494","-17.037","2.998","-15.175","0.005272"
"SYNTH006","1743590444245","2025-04-02T10:40:44.686550","1.18672","-1.15381","-0.78629","1.83244","114.4235","-124.273","-40.362","17.407","14.9","0.004159"
"SYNTH006","1743590444245","2025-04-02T10:40:44.706614","0.89111","-0.98018","1.83488","2.2631","503.2519","-28.111","-23.189","16.138","-18.587","0.00358"
"SYNTH006","1743590444245","2025-04-02T10:40:44.709861","0.69843","0.03171","1.58533","1.73265","-163.3697","1.146","-23.772","-16.287","-0.222","0.003247"
"SYNTH006","1743590444245","2025-04-02T10:40:44.718306","-1.07605","-0.85843","-2.02584","2.44924","329.9388","-157.036","26.062","-8.763","10.708","0.003807"
"SYNTH006","1743590444245","2025-04-02T10:40:44.738842","0.31729","0.08247","-2.01216","2.03869","140.5124","177.653","-8.954","-19.527","0.419","0.006427"
"SYNTH006","1743590444245","2025-04-02T10:40:44.746689","0.12145","1.25643","1.62587","2.05835","2.5052","37.696","-3.383","-4.146","16.212","0.007847"
"SYNTH006","1743590444245","2025-04-02T10:40:44.757798","-1.24931","1.04824","-0.41068","1.68174","148.4472","111.394","47.976","10.249","-1.559","0.004278"
"SYNTH006","1743590444245","2025-04-02T10:40:44.762980","2.23037","-0.82121","0.29855","2.39542","137.7111","-70.021","-68.606","-21.999","2.484","0.005183"
"SYNTH006","1743590444245","2025-04-02T10:40:44.767169","-0.83227","0.0916","-1.41021","1.64005","-180.3277","176.284","30.495","5.341","24.726","0.004189"
"SYNTH006","1743590444245","2025-04-02T10:40:44.791579","-0.9968","0.41957","-2.06412","2.33028","107.912","168.51","25.325","19.538","14.731","0.00756"
"SYNTH006","1743590444245","2025-04-02T10:40:44.802266","-1.02639","0.17509","-1.36537","1.71708","272.388","172.693","36.709","9.306","22.53","0.004893"
"SYNTH006","1743590444245","2025-04-02T10:40:44.833039","0.74662","1.79433","-0.75236","2.08401","174.6036","112.748","-20.993","1.876","-16.806","0.007093"
"SYNTH006","1743590444245","2025-04-02T10:40:44.847093","1.6498","0.41917","0.83631","1.89656","240.9083","26.62","-60.446","22.752","19.303","0.004264"
"SYNTH006","1743590444245","2025-04-02T10:40:44.859182","1.32925","-1.14197","-1.99885","2.65827","248.5627","-150.26","-30.003","-21.639","-24.918","0.006455"
