"id","sessionId","gender","skillLevel","language","Sentence","completeUserInput","keyText","keyType","pressTime","releaseTime","holdTime","flightTime","compositionRole"
"SYNTH001","1738410417508","F","expert","en","ezuxykmxribcn","ezuxykmxribcn","e","KeyTypes.textKey","1738410417508","1738410417602","94","","standalone"
"SYNTH001","1738410417508","M","beginner","en","ezuxykmxribcn","ezuxykmxribcn","z","KeyTypes.textKey","1738410417938","1738410418033","95","336","standalone"
"SYNTH001","1738410417508","M","expert","en","ezuxykmxribcn","ezuxykmxribcn","u","KeyTypes.textKey","1738410418344","1738410418420","76","311","standalone"
"SYNTH001","1738410417508","M","expert","en","ezuxykmxribcn","ezuxykmxribcn","x","KeyTypes.textKey","1738410418593","1738410418729","136","173","standalone"
"SYNTH001","1738410417508","M","beginner","en","ezuxykmxribcn","ezuxykmxribcn","y","KeyTypes.textKey","1738410419087","1738410419196","109","358","standalone"
"SYNTH001","1738410417508","M","intermediate","en","ezuxykmxribcn","ezuxykmxribcn","k","KeyTypes.textKey","1738410419627","1738410419719","92","431","standalone"
"SYNTH001","1738410417508","F","intermediate","en","ezuxykmxribcn","ezuxykmxribcn","m","KeyTypes.textKey","1738410420021","1738410420116","95","302","standalone"
"SYNTH001","1738410417508","F","expert","en","ezuxykmxribcn","ezuxykmxribcn","x","KeyTypes.textKey","1738410420483","1738410420576","93","367","standalone"
"SYNTH001","1738410417508","M","beginner","en","ezuxykmxribcn","ezuxykmxribcn","r","KeyTypes.textKey","1738410420892","1738410420944","52","316","standalone"
"SYNTH001","1738410417508","M","beginner","en","ezuxykmxribcn","ezuxykmxribcn","i","KeyTypes.textKey","1738410421047","1738410421146","99","103","standalone"
"SYNTH001","1738410417508","M","expert","en","ezuxykmxribcn","ezuxykmxribcn","b","KeyTypes.textKey","1738410421490","1738410421619","129","344","standalone"
"SYNTH001","1738410417508","F","intermediate","en","ezuxykmxribcn","ezuxykmxribcn","c","KeyTypes.textKey","1738410422004","1738410422121","117","385","standalone"
"SYNTH001","1738410417508","M","expert","en","ezuxykmxribcn","ezuxykmxribcn","n","KeyTypes.textKey","1738410422794","1738410422903","109","673","standalone"
"SYNTH001","1737028534487","M","intermediate","en","obtxgdczvy","obtxgdczvy","o","KeyTypes.textKey","1737028534487","1737028534555","68","","standalone"
"SYNTH001","1737028534487","M","intermediate","en","obtxgdczvy","obtxgdczvy","b","KeyTypes.textKey","1737028534818","1737028534923","105","263","standalone"
"SYNTH001","1737028534487","F","beginner","en","obtxgdczvy","obtxgdczvy","t","KeyTypes.textKey","1737028535230","1737028535311","81","307","standalone"
"SYNTH001","1737028534487","F","beginner","en","obtxgdczvy","obtxgdczvy","x","KeyTypes.textKey","1737028535375","1737028535476","101","64","standalone"
"SYNTH001","1737028534487","F","expert","en","obtxgdczvy","obtxgdczvy","g","KeyTypes.textKey","1737028535961","1737028536086","125","485","standalone"
"SYNTH001","1737028534487","M","intermediate","en","obtxgdczvy","obtxgdczvy","d","KeyTypes.textKey","1737028536384","1737028536467","83","298","standalone"
"SYNTH001","1737028534487","F","intermediate","en","obtxgdczvy","obtxgdczvy","c","KeyTypes.textKey","1737028536880","1737028536980","100","413","standalone"
"SYNTH001","1737028534487","M","expert","en","obtxgdczvy","obtxgdczvy","z","KeyTypes.textKey","1737028537093","1737028537173","80","113","standalone"
"SYNTH001","1737028534487","M","expert","en","obtxgdczvy","obtxgdczvy","v","KeyTypes.textKey","1737028537508","1737028537556","48","335","standalone"
"SYNTH001","1737028534487","F","intermediate","en","obtxgdczvy","obtxgdczvy","y","KeyTypes.textKey","1737028537959","1737028538031","72","403","standalone"
"SYNTH001","1744478518132","M","expert","en","wlmhhybmf","wlmhhybmf","w","KeyTypes.textKey","1744478518132","1744478518265","133","","standalone"
"SYNTH001","1744478518132","F","expert","en","wlmhhybmf","wlmhhybmf","l","KeyTypes.textKey","1744478518530","1744478518619","89","265","standalone"
"SYNTH001","1744478518132","M","intermediate","en","wlmhhybmf","wlmhhybmf","m","KeyTypes.textKey","1744478518970","1744478519027","57","351","standalone"
"SYNTH001","1744478518132","M","intermediate","en","wlmhhybmf","wlmhhybmf","h","KeyTypes.textKey","1744478519501","1744478519570","69","474","standalone"
"SYNTH001","1744478518132","F","beginner","en","wlmhhybmf","wlmhhybmf","h","KeyTypes.textKey","1744478519874","1744478519974","100","304","standalone"
"SYNTH001","1744478518132","F","beginner","en","wlmhhybmf","wlmhhybmf","y","KeyTypes.textKey","1744478520321","1744478520421","100","347","standalone"
"SYNTH001","1744478518132","M","beginner","en","wlmhhybmf","wlmhhybmf","b","KeyTypes.textKey","1744478520713","1744478520764","51","292","standalone"
"SYNTH001","1744478518132","M","expert","en","wlmhhybmf","wlmhhybmf","m","KeyTypes.textKey","1744478520953","1744478521039","86","189","standalone"
"SYNTH001","1744478518132","M","intermediate","en","wlmhhybmf","wlmhhybmf","f","KeyTypes.textKey","1744478521260","1744478521376","116","221","standalone"
"SYNTH002","1737387174963","M","expert","en","kjxxfsppx","kjxxfsppx","k","KeyTypes.textKey","1737387174963","1737387175019","56","","standalone"
"SYNTH002","1737387174963","M","intermediate","en","kjxxfsppx","kjxxfsppx","j","KeyTypes.textKey","1737387175355","1737387175426","71","336","standalone"
"SYNTH002","1737387174963","F","beginner","en","kjxxfsppx","kjxxfsppx","x","KeyTypes.textKey","1737387175721","1737387175823","102","295","standalone"
"SYNTH002","1737387174963","F","expert","en","kjxxfsppx","kjxxfsppx","x","KeyTypes.textKey","1737387176138","1737387176237","99","315","standalone"
"SYNTH002","1737387174963","M","intermediate","en","kjxxfsppx","kjxxfsppx","f","KeyTypes.textKey","1737387176453","1737387176577","124","216","standalone"
"SYNTH002","1737387174963","F","beginner","en","kjxxfsppx","kjxxfsppx","s","KeyTypes.textKey","1737387176849","1737387176950","101","272","standalone"
"SYNTH002","1737387174963","M","beginner","en","kjxxfsppx","kjxxfsppx","p","KeyTypes.textKey","1737387177178","1737387177252","74","228","standalone"
"SYNTH002","1737387174963","M","beginner","en","kjxxfsppx","kjxxfsppx","p","KeyTypes.textKey","1737387177691","1737387177758","67","439","standalone"
"SYNTH002","1737387174963","M","beginner","en","kjxxfsppx","kjxxfsppx","x","KeyTypes.textKey","1737387178229","1737387178297","68","471","standalone"
"SYNTH002","1740395321573","F","intermediate","en","oklxgxupdlrae","oklxgxupdlrae","o","KeyTypes.textKey","1740395321573","1740395321691","118","","standalone"
"SYNTH002","1740395321573","F","intermediate","en","oklxgxupdlrae","oklxgxupdlrae","k","KeyTypes.textKey","1740395321984","1740395322063","79","293","standalone"
"SYNTH002","1740395321573","M","expert","en","oklxgxupdlrae","oklxgxupdlrae","l","KeyTypes.textKey","1740395322377","1740395322517","140","314","standalone"
"SYNTH002","1740395321573","F","expert","en","oklxgxupdlrae","oklxgxupdlrae","x","KeyTypes.textKey","1740395322903","1740395322931","28","386","standalone"
"SYNTH002","1740395321573","M","expert","en","oklxgxupdlrae","oklxgxupdlrae","g","KeyTypes.textKey","1740395323167","1740395323269","102","236","standalone"
"SYNTH002","1740395321573","M","intermediate","en","oklxgxupdlrae","oklxgxupdlrae","x","KeyTypes.textKey","1740395323578","1740395323726","148","309","standalone"
"SYNTH002","1740395321573","F","beginner","en","oklxgxupdlrae","oklxgxupdlrae","u","KeyTypes.textKey","1740395324060","1740395324134","74","334","standalone"
"SYNTH002","1740395321573","F","beginner","en","oklxgxupdlrae","oklxgxupdlrae","p","KeyTypes.textKey","1740395324420","1740395324515","95","286","standalone"
"SYNTH002","1740395321573","M","intermediate","en","oklxgxupdlrae","oklxgxupdlrae","d","KeyTypes.textKey","1740395324885","1740395324963","78","370","standalone"
"SYNTH002","1740395321573","F","beginner","en","oklxgxupdlrae","oklxgxupdlrae","l","KeyTypes.textKey","1740395325343","1740395325470","127","380","standalone"
"SYNTH002","1740395321573","M","beginner","en","oklxgxupdlrae","oklxgxupdlrae","r","KeyTypes.textKey","1740395325863","1740395325964","101","393","standalone"
"SYNTH002","1740395321573","F","expert","en","oklxgxupdlrae","oklxgxupdlrae","a","KeyTypes.textKey","1740395326351","1740395326449","98","387","standalone"
"SYNTH002","1740395321573","M","beginner","en","oklxgxupdlrae","oklxgxupdlrae","e","KeyTypes.textKey","1740395326855","1740395326944","89","406","standalone"
"SYNTH002","1739265430770","M","expert","en","mlwqtagsstto","mlwqtagsstto","m","KeyTypes.textKey","1739265430770","1739265430869","99","","standalone"
"SYNTH002","1739265430770","F","beginner","en","mlwqtagsstto","mlwqtagsstto","l","KeyTypes.textKey","1739265431096","1739265431174","78","227","standalone"
"SYNTH002","1739265430770","M","intermediate","en","mlwqtagsstto","mlwqtagsstto","w","KeyTypes.textKey","1739265431359","1739265431452","93","185","standalone"
"SYNTH002","1739265430770","M","expert","en","mlwqtagsstto","mlwqtagsstto","q","KeyTypes.textKey","1739265431700","1739265431813","113","248","standalone"
"SYNTH002","1739265430770","M","expert","en","mlwqtagsstto","mlwqtagsstto","t","KeyTypes.textKey","1739265432242","1739265432326","84","429","standalone"
"SYNTH002","1739265430770","F","intermediate","en","mlwqtagsstto","mlwqtagsstto","a","KeyTypes.textKey","1739265432849","1739265432935","86","523","standalone"
"SYNTH002","1739265430770","F","beginner","en","mlwqtagsstto","mlwqtagsstto","g","KeyTypes.textKey","1739265433383","1739265433462","79","448","standalone"
"SYNTH002","1739265430770","M","expert","en","mlwqtagsstto","mlwqtagsstto","s","KeyTypes.textKey","1739265433759","1739265433896","137","297","standalone"
"SYNTH002","1739265430770","M","intermediate","en","mlwqtagsstto","mlwqtagsstto","s","KeyTypes.textKey","1739265434412","1739265434496","84","516","standalone"
"SYNTH002","1739265430770","M","expert","en","mlwqtagsstto","mlwqtagsstto","t","KeyTypes.textKey","1739265434954","1739265435071","117","458","standalone"
"SYNTH002","1739265430770","M","beginner","en","mlwqtagsstto","mlwqtagsstto","t","KeyTypes.textKey","1739265435223","1739265435311","88","152","standalone"
"SYNTH002","1739265430770","M","intermediate","en","mlwqtagsstto","mlwqtagsstto","o","KeyTypes.textKey","1739265435674","1739265435747","73","363","standalone"
"SYNTH003","1739555354198","M","intermediate","en","dhpybaxplopsht","dhpybaxplopsht","d","KeyTypes.textKey","1739555354198","1739555354275","77","","standalone"
"SYNTH003","1739555354198","F","intermediate","en","dhpybaxplopsht","dhpybaxplopsht","h","KeyTypes.textKey","1739555354625","1739555354691","66","350","standalone"
"SYNTH003","1739555354198","M","intermediate","en","dhpybaxplopsht","dhpybaxplopsht","p","KeyTypes.textKey","1739555355037","1739555355076","39","346","standalone"
"SYNTH003","1739555354198","M","expert","en","dhpybaxplopsht","dhpybaxplopsht","y","KeyTypes.textKey","1739555355423","1739555355514","91","347","standalone"
"SYNTH003","1739555354198","M","beginner","en","dhpybaxplopsht","dhpybaxplopsht","b","KeyTypes.textKey","1739555355794","1739555355856","62","280","standalone"
"SYNTH003","1739555354198","M","intermediate","en","dhpybaxplopsht","dhpybaxplopsht","a","KeyTypes.textKey","1739555356340","1739555356420","80","484","standalone"
"SYNTH003","1739555354198","F","expert","en","dhpybaxplopsht","dhpybaxplopsht","x","KeyTypes.textKey","1739555356666","1739555356783","117","246","standalone"
"SYNTH003","1739555354198","F","expert","en","dhpybaxplopsht","dhpybaxplopsht","p","KeyTypes.textKey","1739555357050","1739555357128","78","267","standalone"
"SYNTH003","1739555354198","M","intermediate","en","dhpybaxplopsht","dhpybaxplopsht","l","KeyTypes.textKey","1739555357270","1739555357332","62","142","standalone"
"SYNTH003","1739555354198","F","beginner","en","dhpybaxplopsht","dhpybaxplopsht","o","KeyTypes.textKey","1739555357671","1739555357691","20","339","standalone"
"SYNTH003","1739555354198","M","beginner","en","dhpybaxplopsht","dhpybaxplopsht","p","KeyTypes.textKey","1739555358038","1739555358108","70","347","standalone"
"SYNTH003","1739555354198","M","expert","en","dhpybaxplopsht","dhpybaxplopsht","s","KeyTypes.textKey","1739555358245","1739555358316","71","137","standalone"
"SYNTH003","1739555354198","M","intermediate","en","dhpybaxplopsht","dhpybaxplopsht","h","KeyTypes.textKey","1739555358867","1739555358967","100","551","standalone"
"SYNTH003","1739555354198","F","beginner","en","dhpybaxplopsht","dhpybaxplopsht","t","KeyTypes.textKey","1739555359244","1739555359333","89","277","standalone"
"SYNTH003","1741565856677","F","beginner","en","naobnxkce","naobnxkce","n","KeyTypes.textKey","1741565856677","1741565856746","69","","standalone"
"SYNTH003","1741565856677","M","expert","en","naobnxkce","naobnxkce","a","KeyTypes.textKey","1741565856802","1741565856887","85","56","standalone"
"SYNTH003","1741565856677","F","expert","en","naobnxkce","naobnxkce","o","KeyTypes.textKey","1741565857211","1741565857320","109","324","standalone"
"SYNTH003","1741565856677","M","beginner","en","naobnxkce","naobnxkce","b","KeyTypes.textKey","1741565857350","1741565857443","93","30","standalone"
"SYNTH003","1741565856677","M","expert","en","naobnxkce","naobnxkce","n","KeyTypes.textKey","1741565857706","1741565857810","104","263","standalone"
"SYNTH003","1741565856677","F","intermediate","en","naobnxkce","naobnxkce","x","KeyTypes.textKey","1741565858349","1741565858465","116","539","standalone"
"SYNTH003","1741565856677","F","expert","en","naobnxkce","naobnxkce","k","KeyTypes.textKey","1741565858764","1741565858879","115","299","standalone"
"SYNTH003","1741565856677","F","intermediate","en","naobnxkce","naobnxkce","c","KeyTypes.textKey","1741565859354","1741565859441","87","475","standalone"
"SYNTH003","1741565856677","M","beginner","en","naobnxkce","naobnxkce","e","KeyTypes.textKey","1741565859858","1741565859958","100","417","standalone"
"SYNTH003","1738883634065","M","beginner","en","gmeqjerokpojm","gmeqjerokpojm","g","KeyTypes.textKey","1738883634065","1738883634147","82","","standalone"
"SYNTH003","1738883634065","F","expert","en","gmeqjerokpojm","gmeqjerokpojm","m","KeyTypes.textKey","1738883634352","1738883634424","72","205","standalone"
"SYNTH003","1738883634065","F","expert","en","gmeqjerokpojm","gmeqjerokpojm","e","KeyTypes.textKey","1738883634860","1738883634948","88","436","standalone"
"SYNTH003","1738883634065","F","beginner","en","gmeqjerokpojm","gmeqjerokpojm","q","KeyTypes.textKey","1738883635177","1738883635275","98","229","standalone"
"SYNTH003","1738883634065","M","expert","en","gmeqjerokpojm","gmeqjerokpojm","j","KeyTypes.textKey","1738883635722","1738883635800","78","447","standalone"
"SYNTH003","1738883634065","F","intermediate","en","gmeqjerokpojm","gmeqjerokpojm","e","KeyTypes.textKey","1738883636084","1738883636162","78","284","standalone"
"SYNTH003","1738883634065","M","beginner","en","gmeqjerokpojm","gmeqjerokpojm","r","KeyTypes.textKey","1738883636352","1738883636444","92","190","standalone"
"SYNTH003","1738883634065","M","expert","en","gmeqjerokpojm","gmeqjerokpojm","o","KeyTypes.textKey","1738883636762","1738883636871","109","318","standalone"
"SYNTH003","1738883634065","M","beginner","en","gmeqjerokpojm","gmeqjerokpojm","k","KeyTypes.textKey","1738883637266","1738883637365","99","395","standalone"
"SYNTH003","1738883634065","F","intermediate","en","gmeqjerokpojm","gmeqjerokpojm","p","KeyTypes.textKey","1738883637767","1738883637852","85","402","standalone"
"SYNTH003","1738883634065","M","intermediate","en","gmeqjerokpojm","gmeqjerokpojm","o","KeyTypes.textKey","1738883638261","1738883638365","104","409","standalone"
"SYNTH003","1738883634065","F","intermediate","en","gmeqjerokpojm","gmeqjerokpojm","j","KeyTypes.textKey","1738883638648","1738883638740","92","283","standalone"
"SYNTH003","1738883634065","F","expert","en","gmeqjerokpojm","gmeqjerokpojm","m","KeyTypes.textKey","1738883639001","1738883639107","106","261","standalone"
"SYNTH004","1740240538393","M","beginner","en","nopjjlakalljwkul","nopjjlakalljwkul","n","KeyTypes.textKey","1740240538393","1740240538475","82","","standalone"
"SYNTH004","1740240538393","F","intermediate","en","nopjjlakalljwkul","nopjjlakalljwkul","o","KeyTypes.textKey","1740240538896","1740240539017","121","421","standalone"
"SYNTH004","1740240538393","M","beginner","en","nopjjlakalljwkul","nopjjlakalljwkul","p","KeyTypes.textKey","1740240539053","1740240539098","45","36","standalone"
"SYNTH004","1740240538393","F","intermediate","en","nopjjlakalljwkul","nopjjlakalljwkul","j","KeyTypes.textKey","1740240539344","1740240539446","102","246","standalone"
"SYNTH004","1740240538393","F","expert","en","nopjjlakalljwkul","nopjjlakalljwkul","j","KeyTypes.textKey","1740240539600","1740240539692","92","154","standalone"
"SYNTH004","1740240538393","F","expert","en","nopjjlakalljwkul","nopjjlakalljwkul","l","KeyTypes.textKey","1740240539899","1740240539979","80","207","standalone"
"SYNTH004","1740240538393","M","intermediate","en","nopjjlakalljwkul","nopjjlakalljwkul","a","KeyTypes.textKey","1740240540399","1740240540512","113","420","standalone"
"SYNTH004","1740240538393","M","intermediate","en","nopjjlakalljwkul","nopjjlakalljwkul","k","KeyTypes.textKey","1740240540805","1740240540881","76","293","standalone"
"SYNTH004","1740240538393","F","expert","en","nopjjlakalljwkul","nopjjlakalljwkul","a","KeyTypes.textKey","1740240541119","1740240541159","40","238","standalone"
"SYNTH004","1740240538393","F","intermediate","en","nopjjlakalljwkul","nopjjlakalljwkul","l","KeyTypes.textKey","1740240541542","1740240541621","79","383","standalone"
"SYNTH004","1740240538393","M","beginner","en","nopjjlakalljwkul","nopjjlakalljwkul","l","KeyTypes.textKey","1740240542196","1740240542304","108","575","standalone"
"SYNTH004","1740240538393","F","intermediate","en","nopjjlakalljwkul","nopjjlakalljwkul","j","KeyTypes.textKey","1740240542426","1740240542507","81","122","standalone"
"SYNTH004","1740240538393","F","beginner","en","nopjjlakalljwkul","nopjjlakalljwkul","w","KeyTypes.textKey","1740240542955","1740240543056","101","448","standalone"
"SYNTH004","1740240538393","M","beginner","en","nopjjlakalljwkul","nopjjlakalljwkul","k","KeyTypes.textKey","1740240543398","1740240543490","92","342","standalone"
"SYNTH004","1740240538393","M","beginner","en","nopjjlakalljwkul","nopjjlakalljwkul","u","KeyTypes.textKey","1740240543800","1740240543906","106","310","standalone"
"SYNTH004","1740240538393","F","intermediate","en","nopjjlakalljwkul","nopjjlakalljwkul","l","KeyTypes.textKey","1740240544396","1740240544491","95","490","standalone"
"SYNTH004","1737457496216","M","beginner","en","kkjpdzqz","kkjpdzqz","k","KeyTypes.textKey","1737457496216","1737457496365","149","","standalone"
"SYNTH004","1737457496216","F","intermediate","en","kkjpdzqz","kkjpdzqz","k","KeyTypes.textKey","1737457496676","1737457496764","88","311","standalone"
"SYNTH004","1737457496216","M","expert","en","kkjpdzqz","kkjpdzqz","j","KeyTypes.textKey","1737457497062","1737457497163","101","298","standalone"
"SYNTH004","1737457496216","M","expert","en","kkjpdzqz","kkjpdzqz","p","KeyTypes.textKey","1737457497607","1737457497712","105","444","standalone"
"SYNTH004","1737457496216","F","intermediate","en","kkjpdzqz","kkjpdzqz","d","KeyTypes.textKey","1737457498130","1737457498239","109","418","standalone"
"SYNTH004","1737457496216","M","beginner","en","kkjpdzqz","kkjpdzqz","z","KeyTypes.textKey","1737457498463","1737457498588","125","224","standalone"
"SYNTH004","1737457496216","M","intermediate","en","kkjpdzqz","kkjpdzqz","q","KeyTypes.textKey","1737457498739","1737457498826","87","151","standalone"
"SYNTH004","1737457496216","F","expert","en","kkjpdzqz","kkjpdzqz","z","KeyTypes.textKey","1737457499083","1737457499190","107","257","standalone"
"SYNTH004","1739968967964","M","intermediate","en","fbberycedftdw","fbberycedftdw","f","KeyTypes.textKey","1739968967964","1739968968075","111","","standalone"
"SYNTH004","1739968967964","F","beginner","en","fbberycedftdw","fbberycedftdw","b","KeyTypes.textKey","1739968968105","1739968968168","63","30","standalone"
"SYNTH004","1739968967964","F","intermediate","en","fbberycedftdw","fbberycedftdw","b","KeyTypes.textKey","1739968968715","1739968968835","120","547","standalone"
"SYNTH004","1739968967964","F","intermediate","en","fbberycedftdw","fbberycedftdw","e","KeyTypes.textKey","1739968969544","1739968969625","81","709","standalone"
"SYNTH004","1739968967964","M","beginner","en","fbberycedftdw","fbberycedftdw","r","KeyTypes.textKey","1739968970031","1739968970136","105","406","standalone"
"SYNTH004","1739968967964","F","expert","en","fbberycedftdw","fbberycedftdw","y","KeyTypes.textKey","1739968970561","1739968970633","72","425","standalone"
"SYNTH004","1739968967964","F","beginner","en","fbberycedftdw","fbberycedftdw","c","KeyTypes.textKey","1739968970932","1739968971024","92","299","standalone"
"SYNTH004","1739968967964","M","beginner","en","fbberycedftdw","fbberycedftdw","e","KeyTypes.textKey","1739968971205","1739968971311","106","181","standalone"
"SYNTH004","1739968967964","M","intermediate","en","fbberycedftdw","fbberycedftdw","d","KeyTypes.textKey","1739968971758","1739968971873","115","447","standalone"
"SYNTH004","1739968967964","M","beginner","en","fbberycedftdw","fbberycedftdw","f","KeyTypes.textKey","1739968972039","1739968972134","95","166","standalone"
"SYNTH004","1739968967964","F","beginner","en","fbberycedftdw","fbberycedftdw","t","KeyTypes.textKey","1739968972226","1739968972279","53","92","standalone"
"SYNTH004","1739968967964","F","beginner","en","fbberycedftdw","fbberycedftdw","d","KeyTypes.textKey","1739968972707","1739968972799","92","428","standalone"
"SYNTH004","1739968967964","M","intermediate","en","fbberycedftdw","fbberycedftdw","w","KeyTypes.textKey","1739968973260","1739968973381","121","461","standalone"
"SYNTH005","1741073073739","M","intermediate","en","yycqmhpsjblbuxp","yycqmhpsjblbuxp","y","KeyTypes.textKey","1741073073739","1741073073840","101","","standalone"
"SYNTH005","1741073073739","M","intermediate","en","yycqmhpsjblbuxp","yycqmhpsjblbuxp","y","KeyTypes.textKey","1741073074182","1741073074277","95","342","standalone"
"SYNTH005","1741073073739","F","beginner","en","yycqmhpsjblbuxp","yycqmhpsjblbuxp","c","KeyTypes.textKey","1741073074595","1741073074660","65","318","standalone"
"SYNTH005","1741073073739","M","beginner","en","yycqmhpsjblbuxp","yycqmhpsjblbuxp","q","KeyTypes.textKey","1741073074756","1741073074827","71","96","standalone"
"SYNTH005","1741073073739","F","intermediate","en","yycqmhpsjblbuxp","yycqmhpsjblbuxp","m","KeyTypes.textKey","1741073075266","1741073075401","135","439","standalone"
"SYNTH005","1741073073739","F","expert","en","yycqmhpsjblbuxp","yycqmhpsjblbuxp","h","KeyTypes.textKey","1741073076039","1741073076105","66","638","standalone"
"SYNTH005","1741073073739","M","beginner","en","yycqmhpsjblbuxp","yycqmhpsjblbuxp","p","KeyTypes.textKey","1741073076588","1741073076686","98","483","standalone"
"SYNTH005","1741073073739","F","expert","en","yycqmhpsjblbuxp","yycqmhpsjblbuxp","s","KeyTypes.textKey","1741073076844","1741073076918","74","158","standalone"
"SYNTH005","1741073073739","M","beginner","en","yycqmhpsjblbuxp","yycqmhpsjblbuxp","j","KeyTypes.textKey","1741073077387","1741073077476","89","469","standalone"
"SYNTH005","1741073073739","M","expert","en","yycqmhpsjblbuxp","yycqmhpsjblbuxp","b","KeyTypes.textKey","1741073077849","1741073077918","69","373","standalone"
"SYNTH005","1741073073739","F","intermediate","en","yycqmhpsjblbuxp","yycqmhpsjblbuxp","l","KeyTypes.textKey","1741073078239","1741073078372","133","321","standalone"
"SYNTH005","1741073073739","F","expert","en","yycqmhpsjblbuxp","yycqmhpsjblbuxp","b","KeyTypes.textKey","1741073078803","1741073078968","165","431","standalone"
"SYNTH005","1741073073739","M","expert","en","yycqmhpsjblbuxp","yycqmhpsjblbuxp","u","KeyTypes.textKey","1741073079284","1741073079367","83","316","standalone"
"SYNTH005","1741073073739","M","expert","en","yycqmhpsjblbuxp","yycqmhpsjblbuxp","x","KeyTypes.textKey","1741073079734","1741073079818","84","367","standalone"
"SYNTH005","1741073073739","F","intermediate","en","yycqmhpsjblbuxp","yycqmhpsjblbuxp","p","KeyTypes.textKey","1741073080002","1741073080097","95","184","standalone"
"SYNTH005","1742210898769","F","expert","en","hffqazwrkutxtrqr","hffqazwrkutxtrqr","h","KeyTypes.textKey","1742210898769","1742210898909","140","","standalone"
"SYNTH005","1742210898769","F","beginner","en","hffqazwrkutxtrqr","hffqazwrkutxtrqr","f","KeyTypes.textKey","1742210899420","1742210899509","89","511","standalone"
"SYNTH005","1742210898769","M","beginner","en","hffqazwrkutxtrqr","hffqazwrkutxtrqr","f","KeyTypes.textKey","1742210899663","1742210899726","63","154","standalone"
"SYNTH005","1742210898769","M","expert","en","hffqazwrkutxtrqr","hffqazwrkutxtrqr","q","KeyTypes.textKey","1742210900089","1742210900160","71","363","standalone"
"SYNTH005","1742210898769","M","expert","en","hffqazwrkutxtrqr","hffqazwrkutxtrqr","a","KeyTypes.textKey","1742210900305","1742210900362","57","145","standalone"
"SYNTH005","1742210898769","F","expert","en","hffqazwrkutxtrqr","hffqazwrkutxtrqr","z","KeyTypes.textKey","1742210900503","1742210900581","78","141","standalone"
"SYNTH005","1742210898769","M","beginner","en","hffqazwrkutxtrqr","hffqazwrkutxtrqr","w","KeyTypes.textKey","1742210900731","1742210900796","65","150","standalone"
"SYNTH005","1742210898769","M","expert","en","hffqazwrkutxtrqr","hffqazwrkutxtrqr","r","KeyTypes.textKey","1742210901092","1742210901176","84","296","standalone"
"SYNTH005","1742210898769","M","intermediate","en","hffqazwrkutxtrqr","hffqazwrkutxtrqr","k","KeyTypes.textKey","1742210901593","1742210901685","92","417","standalone"
"SYNTH005","1742210898769","F","intermediate","en","hffqazwrkutxtrqr","hffqazwrkutxtrqr","u","KeyTypes.textKey","1742210902174","1742210902247","73","489","standalone"
"SYNTH005","1742210898769","F","expert","en","hffqazwrkutxtrqr","hffqazwrkutxtrqr","t","KeyTypes.textKey","1742210902503","1742210902580","77","256","standalone"
"SYNTH005","1742210898769","M","beginner","en","hffqazwrkutxtrqr","hffqazwrkutxtrqr","x","KeyTypes.textKey","1742210902774","1742210902856","82","194","standalone"
"SYNTH005","1742210898769","M","intermediate","en","hffqazwrkutxtrqr","hffqazwrkutxtrqr","t","KeyTypes.textKey","1742210902958","1742210903021","63","102","standalone"
"SYNTH005","1742210898769","M","beginner","en","hffqazwrkutxtrqr","hffqazwrkutxtrqr","r","KeyTypes.textKey","1742210903290","1742210903372","82","269","standalone"
"SYNTH005","1742210898769","F","expert","en","hffqazwrkutxtrqr","hffqazwrkutxtrqr","q","KeyTypes.textKey","1742210903764","1742210903884","120","392","standalone"
"SYNTH005","1742210898769","F","intermediate","en","hffqazwrkutxtrqr","hffqazwrkutxtrqr","r","KeyTypes.textKey","1742210904246","1742210904376","130","362","standalone"
"SYNTH005","1737039616141","F","beginner","en","acszfwnfw","acszfwnfw","a","KeyTypes.textKey","1737039616141","1737039616224","83","","standalone"
"SYNTH005","1737039616141","M","intermediate","en","acszfwnfw","acszfwnfw","c","KeyTypes.textKey","1737039616600","1737039616647","47","376","standalone"
"SYNTH005","1737039616141","M","beginner","en","acszfwnfw","acszfwnfw","s","KeyTypes.textKey","1737039617164","1737039617279","115","517","standalone"
"SYNTH005","1737039616141","M","intermediate","en","acszfwnfw","acszfwnfw","z","KeyTypes.textKey","1737039617686","1737039617770","84","407","standalone"
"SYNTH005","1737039616141","F","expert","en","acszfwnfw","acszfwnfw","f","KeyTypes.textKey","1737039618079","1737039618186","107","309","standalone"
"SYNTH005","1737039616141","F","beginner","en","acszfwnfw","acszfwnfw","w","KeyTypes.textKey","1737039618650","1737039618759","109","464","standalone"
"SYNTH005","1737039616141","M","intermediate","en","acszfwnfw","acszfwnfw","n","KeyTypes.textKey","1737039619006","1737039619086","80","247","standalone"
"SYNTH005","1737039616141","M","intermediate","en","acszfwnfw","acszfwnfw","f","KeyTypes.textKey","1737039619686","1737039619768","82","600","standalone"
"SYNTH005","1737039616141","M","expert","en","acszfwnfw","acszfwnfw","w","KeyTypes.textKey","1737039620032","1737039620116","84","264","standalone"
"SYNTH006","1740633633264","M","expert","en","baphfuxlwwm","baphfuxlwwm","b","KeyTypes.textKey","1740633633264","1740633633350","86","","standalone"
"SYNTH006","1740633633264","M","beginner","en","baphfuxlwwm","baphfuxlwwm","a","KeyTypes.textKey","1740633633784","1740633633859","75","434","standalone"
"SYNTH006","1740633633264","F","beginner","en","baphfuxlwwm","baphfuxlwwm","p","KeyTypes.textKey","1740633634074","1740633634178","104","215","standalone"
"SYNTH006","1740633633264","M","expert","en","baphfuxlwwm","baphfuxlwwm","h","KeyTypes.textKey","1740633634565","1740633634685","120","387","standalone"
"SYNTH006","1740633633264","M","expert","en","baphfuxlwwm","baphfuxlwwm","f","KeyTypes.textKey","1740633634992","1740633635113","121","307","standalone"
"SYNTH006","1740633633264","F","beginner","en","baphfuxlwwm","baphfuxlwwm","u","KeyTypes.textKey","1740633635634","1740633635735","101","521","standalone"
"SYNTH006","1740633633264","M","expert","en","baphfuxlwwm","baphfuxlwwm","x","KeyTypes.textKey","1740633635767","1740633635862","95","32","standalone"
"SYNTH006","1740633633264","F","expert","en","baphfuxlwwm","baphfuxlwwm","l","KeyTypes.textKey","1740633636212","1740633636316","104","350","standalone"
"SYNTH006","1740633633264","F","expert","en","baphfuxlwwm","baphfuxlwwm","w","KeyTypes.textKey","1740633636634","1740633636710","76","318","standalone"
"SYNTH006","1740633633264","M","expert","en","baphfuxlwwm","baphfuxlwwm","w","KeyTypes.textKey","1740633636863","1740633636946","83","153","standalone"
"SYNTH006","1740633633264","F","beginner","en","baphfuxlwwm","baphfuxlwwm","m","KeyTypes.textKey","1740633637148","1740633637231","83","202","standalone"
"SYNTH006","1744216425638","F","intermediate","en","wfflggrkggxcd","wfflggrkggxcd","w","KeyTypes.textKey","1744216425638","1744216425735","97","","standalone"
"SYNTH006","1744216425638","M","intermediate","en","wfflggrkggxcd","wfflggrkggxcd","f","KeyTypes.textKey","1744216426149","1744216426221","72","414","standalone"
"SYNTH006","1744216425638","F","expert","en","wfflggrkggxcd","wfflggrkggxcd","f","KeyTypes.textKey","1744216426251","1744216426311","60","30","standalone"
"SYNTH006","1744216425638","F","intermediate","en","wfflggrkggxcd","wfflggrkggxcd","l","KeyTypes.textKey","1744216426463","1744216426575","112","152","standalone"
"SYNTH006","1744216425638","M","intermediate","en","wfflggrkggxcd","wfflggrkggxcd","g","KeyTypes.textKey","1744216426867","1744216426902","35","292","standalone"
"SYNTH006","1744216425638","M","beginner","en","wfflggrkggxcd","wfflggrkggxcd","g","KeyTypes.textKey","1744216427199","1744216427285","86","297","standalone"
"SYNTH006","1744216425638","F","intermediate","en","wfflggrkggxcd","wfflggrkggxcd","r","KeyTypes.textKey","1744216427490","1744216427604","114","205","standalone"
"SYNTH006","1744216425638","F","beginner","en","wfflggrkggxcd","wfflggrkggxcd","k","KeyTypes.textKey","1744216428018","1744216428162","144","414","standalone"
"SYNTH006","1744216425638","F","expert","en","wfflggrkggxcd","wfflggrkggxcd","g","KeyTypes.textKey","1744216428600","1744216428718","118","438","standalone"
"SYNTH006","1744216425638","F","beginner","en","wfflggrkggxcd","wfflggrkggxcd","g","KeyTypes.textKey","1744216429263","1744216429379","116","545","standalone"
"SYNTH006","1744216425638","M","beginner","en","wfflggrkggxcd","wfflggrkggxcd","x","KeyTypes.textKey","1744216429976","1744216430080","104","597","standalone"
"SYNTH006","1744216425638","F","expert","en","wfflggrkggxcd","wfflggrkggxcd","c","KeyTypes.textKey","1744216430372","1744216430447","75","292","standalone"
"SYNTH006","1744216425638","F","intermediate","en","wfflggrkggxcd","wfflggrkggxcd","d","KeyTypes.textKey","1744216430867","1744216430931","64","420","standalone"
"SYNTH006","1739640791367","F","intermediate","en","jofutdsuig","jofutdsuig","j","KeyTypes.textKey","1739640791367","1739640791447","80","","standalone"
"SYNTH006","1739640791367","F","expert","en","jofutdsuig","jofutdsuig","o","KeyTypes.textKey","1739640791847","1739640791925","78","400","standalone"
"SYNTH006","1739640791367","M","intermediate","en","jofutdsuig","jofutdsuig","f","KeyTypes.textKey","1739640792000","1739640792079","79","75","standalone"
"SYNTH006","1739640791367","M","beginner","en","jofutdsuig","jofutdsuig","u","KeyTypes.textKey","1739640792367","1739640792438","71","288","standalone"
"SYNTH006","1739640791367","F","intermediate","en","jofutdsuig","jofutdsuig","t","KeyTypes.textKey","1739640792784","1739640792862","78","346","standalone"
"SYNTH006","1739640791367","F","intermediate","en","jofutdsuig","jofutdsuig","d","KeyTypes.textKey","1739640793228","1739640793335","107","366","standalone"
"SYNTH006","1739640791367","M","intermediate","en","jofutdsuig","jofutdsuig","s","KeyTypes.textKey","1739640793609","1739640793714","105","274","standalone"
"SYNTH006","1739640791367","M","expert","en","jofutdsuig","jofutdsuig","u","KeyTypes.textKey","1739640793847","1739640793968","121","133","standalone"
"SYNTH006","1739640791367","M","expert","en","jofutdsuig","jofutdsuig","i","KeyTypes.textKey","1739640794408","1739640794512","104","440","standalone"
"SYNTH006","1739640791367","M","intermediate","en","jofutdsuig","jofutdsuig","g","KeyTypes.textKey","1739640794795","1739640794900","105","283","standalone"
