"id","sessionId","startTime","endTime","TapPressTime","TapReleaseTime","TapDuration","TapInitialGlobalLocationX","TapInitialGlobalLocationY","TapFinalGlobalLocationX","TapFinalGlobalLocationY","normalizedX","normalizedY","_targetSizeAre"
"SYNTH001","1740910895580","2025-03-02T10:21:35.580000","2025-03-02T10:21:45.580000","1740910902204","1740910902301","97","29.19","407.72","29.95","407.97","0.073","0.5096","1660"
"SYNTH001","1740910895580","2025-03-02T10:21:35.580000","2025-03-02T10:21:45.580000","1740910902265","1740910902350","85","328.51","625.97","327.68","626.29","0.8213","0.7825","1660"
"SYNTH001","1740910895580","2025-03-02T10:21:35.580000","2025-03-02T10:21:45.580000","1740910896181","1740910896249","68","302.62","675.05","301.75","674.79","0.7565","0.8438","1660"
"SYNTH001","1740910895580","2025-03-02T10:21:35.580000","2025-03-02T10:21:45.580000","1740910903735","1740910903840","105","63.47","409.04","63.37","409.44","0.1587","0.5113","1660"
"SYNTH001","1740910895580","2025-03-02T10:21:35.580000","2025-03-02T10:21:45.580000","1740910903617","1740910903676","59","193.8","662.23","194.07","660.87","0.4845","0.8278","1660"
"SYNTH001","1740910895580","2025-03-02T10:21:35.580000","2025-03-02T10:21:45.580000","1740910899542","1740910899609","67","243.47","405.66","244.32","405.64","0.6087","0.5071","1660"
"SYNTH001","1740910895580","2025-03-02T10:21:35.580000","2025-03-02T10:21:45.580000","1740910902640","1740910902707","67","118.03","79.72","117.41","80.37","0.2951","0.0997","1660"
"SYNTH001","1740910895580","2025-03-02T10:21:35.580000","2025-03-02T10:21:45.580000","1740910903584","1740910903693","109","264.76","518.38","265.04","519.44","0.6619","0.648","1660"
"SYNTH001","1740910895580","2025-03-02T10:21:35.580000","2025-03-02T10:21:45.580000","1740910900215","1740910900322","107","150.01","255.17","152.17","254.92","0.375","0.319","1660"
"SYNTH001","1740910895580","2025-03-02T10:21:35.580000","2025-03-02T10:21:45.580000","1740910903556","1740910903613","57","184.99","699.11","185.3","700.52","0.4625","0.8739","1660"
"SYNTH001","1740910895580","2025-03-02T10:21:35.580000","2025-03-02T10:21:45.580000","1740910895870","1740910895952","82","64.18","594.81","62.61","595.31","0.1605","0.7435","1660"
"SYNTH001","1740910895580","2025-03-02T10:21:35.580000","2025-03-02T10:21:45.580000","1740910904858","1740910904949","91","125.47","728.48","126.95","728.21","0.3137","0.9106","1660"
"SYNTH001","1740910895580","2025-03-02T10:21:35.580000","2025-03-02T10:21:45.580000","1740910902252","1740910902315","63","259.87","109.18","260.57","109.74","0.6497","0.1365","1660"
"SYNTH001","1740910895580","2025-03-02T10:21:35.580000","2025-03-02T10:21:45.580000","1740910902866","1740910902926","60","246.61","55.85","245.62","55.02","0.6165","0.0698","1660"
"SYNTH001","1740910895580","2025-03-02T10:21:35.580000","2025-03-02T10:21:45.580000","1740910902102","1740910902175","73","75.13","566.26","75.23","565.85","0.1878","0.7078","1660"
"SYNTH001","1740910895580","2025-03-02T10:21:35.580000","2025-03-02T10:21:45.580000","1740910898639","1740910898669","30","38.35","171.01","38.22","170.07","0.0959","0.2138","1660"
"SYNTH001","1740910895580","2025-03-02T10:21:35.580000","2025-03-02T10:21:45.580000","1740910900304","1740910900369","65","225.72","694.22","226.39","692.98","0.5643","0.8678","1660"
"SYNTH001","1740910895580","2025-03-02T10:21:35.580000","2025-03-02T10:21:45.580000","1740910904064","1740910904156","92","328.02","506.68","328.99","506.27","0.82","0.6333","1660"
"SYNTH001","1740910895580","2025-03-02T10:21:35.580000","2025-03-02T10:21:45.580000","1740910899796","1740910899847","51","64.57","384.17","65.02","384.11","0.1614","0.4802","1660"
"SYNTH001","1740910895580","2025-03-02T10:21:35.580000","2025-03-02T10:21:45.580000","1740910899264","1740910899377","113","340.12","559.34","339.67","559.28","0.8503","0.6992","1660"
"SYNTH001","1740910895580","2025-03-02T10:21:35.580000","2025-03-02T10:21:45.580000","1740910902488","1740910902582","94","211.28","315.06","211.26","317.69","0.5282","0.3938","1660"
"SYNTH001","1740910895580","2025-03-02T10:21:35.580000","2025-03-02T10:21:45.580000","1740910897256","1740910897334","78","108.21","505.96","108.68","505.47","0.2705","0.6324","1660"
"SYNTH001","1740910895580","2025-03-02T10:21:35.580000","2025-03-02T10:21:45.580000","1740910899270","1740910899354","84","119.28","554.49","118.81","554.34","0.2982","0.6931","1660"
"SYNTH001","1740910895580","2025-03-02T10:21:35.580000","2025-03-02T10:21:45.580000","1740910898591","1740910898623","32","199.27","503.93","199.42","503.85","0.4982","0.6299","1660"
"SYNTH001","1740910895580","2025-03-02T10:21:35.580000","2025-03-02T10:21:45.580000","1740910904032","1740910904085","53","276.47","170.53","276.22","170.96","0.6912","0.2132","1660"
"SYNTH001","1740910895580","2025-03-02T10:21:35.580000","2025-03-02T10:21:45.580000","1740910896605","1740910896651","46","77.99","416.15","78.58","417.36","0.195","0.5202","1660"
"SYNTH001","1740910895580","2025-03-02T10:21:35.580000","2025-03-02T10:21:45.580000","1740910896478","1740910896569","91","343.79","724.34","344.1","722.89","0.8595","0.9054","1660"
"SYNTH001","1740910895580","2025-03-02T10:21:35.580000","2025-03-02T10:21:45.580000","1740910901126","1740910901198","72","71.0","302.87","71.1","301.55","0.1775","0.3786","1660"
"SYNTH001","1740910895580","2025-03-02T10:21:35.580000","2025-03-02T10:21:45.580000","1740910899003","1740910899084","81","244.69","466.75","244.61","466.83","0.6117","0.5834","1660"
"SYNTH001","1740910895580","2025-03-02T10:21:35.580000","2025-03-02T10:21:45.580000","1740910899962","1740910900067","105","360.98","78.79","359.43","78.43","0.9025","0.0985","1660"
"SYNTH001","1740910895580","2025-03-02T10:21:35.580000","2025-03-02T10:21:45.580000","1740910895960","1740910895998","38","98.94","576.66","98.74","576.02","0.2473","0.7208","1660"
"SYNTH001","1740910895580","2025-03-02T10:21:35.580000","2025-03-02T10:21:45.580000","1740910897818","1740910897893","75","234.24","139.87","234.01","139.63","0.5856","0.1748","1660"
"SYNTH001","1740910895580","2025-03-02T10:21:35.580000","2025-03-02T10:21:45.580000","1740910903135","1740910903180","45","330.77","429.94","331.46","428.79","0.8269","0.5374","1660"
"SYNTH001","1740910895580","2025-03-02T10:21:35.580000","2025-03-02T10:21:45.580000","1740910896436","1740910896534","98","141.16","115.8","141.55","117.14","0.3529","0.1448","1660"
"SYNTH001","1740910895580","2025-03-02T10:21:35.580000","2025-03-02T10:21:45.580000","1740910898014","1740910898072","58","156.3","126.46","155.08","126.83","0.3908","0.1581","1660"
"SYNTH001","1740910895580","2025-03-02T10:21:35.580000","2025-03-02T10:21:45.580000","1740910898313","1740910898364","51","300.36","92.12","300.56","92.57","0.7509","0.1151","1660"
"SYNTH001","1740910895580","2025-03-02T10:21:35.580000","2025-03-02T10:21:45.580000","1740910902717","1740910902782","65","250.46","90.86","250.55","91.4","0.6261","0.1136","1660"
"SYNTH001","1740910895580","2025-03-02T10:21:35.580000","2025-03-02T10:21:45.580000","1740910904964","1740910905020","56","341.52","465.33","342.49","465.83","0.8538","0.5817","1660"
"SYNTH001","1740910895580","2025-03-02T10:21:35.580000","2025-03-02T10:21:45.580000","1740910899778","1740910899827","49","311.33","601.59","311.98","601.83","0.7783","0.752","1660"
"SYNTH001","1742998404684","2025-03-26T14:13:24.684000","2025-03-26T14:13:34.684000","1742998410050","1742998410110","60","284.21","728.74","284.47","728.76","0.7105","0.9109","1533"
"SYNTH001","1742998404684","2025-03-26T14:13:24.684000","2025-03-26T14:13:34.684000","1742998410179","1742998410244","65","106.37","598.96","106.64","600.63","0.2659","0.7487","1533"
"SYNTH001","1742998404684","2025-03-26T14:13:24.684000","2025-03-26T14:13:34.684000","1742998409217","1742998409319","102","87.39","422.34","88.19","421.9","0.2185","0.5279","1533"
"SYNTH001","1742998404684","2025-03-26T14:13:24.684000","2025-03-26T14:13:34.684000","1742998405349","1742998405411","62","96.63","147.35","96.97","148.09","0.2416","0.1842","1533"
"SYNTH001","1742998404684","2025-03-26T14:13:24.684000","2025-03-26T14:13:34.684000","1742998407031","1742998407117","86","283.19","652.91","284.28","652.99","0.708","0.8161","1533"
"SYNTH001","1742998404684","2025-03-26T14:13:24.684000","2025-03-26T14:13:34.684000","1742998409898","1742998409952","54","124.46","562.34","125.22","561.47","0.3112","0.7029","1533"
"SYNTH001","1742998404684","2025-03-26T14:13:24.684000","2025-03-26T14:13:34.684000","1742998409863","1742998409938","75","131.79","159.36","130.52","158.82","0.3295","0.1992","1533"
"SYNTH001","1742998404684","2025-03-26T14:13:24.684000","2025-03-26T14:13:34.684000","1742998413933","1742998414030","97","368.97","748.61","369.29","748.87","0.9224","0.9358","1533"
"SYNTH001","1742998404684","2025-03-26T14:13:24.684000","2025-03-26T14:13:34.684000","1742998407945","1742998408037","92","370.57","460.92","370.54","460.41","0.9264","0.5761","1533"
"SYNTH001","1742998404684","2025-03-26T14:13:24.684000","2025-03-26T14:13:34.684000","1742998407518","1742998407587","69","20.14","526.77","20.29","525.62","0.0503","0.6585","1533"
"SYNTH001","1742998404684","2025-03-26T14:13:24.684000","2025-03-26T14:13:34.684000","1742998412121","1742998412167","46","257.28","484.19","257.42","483.92","0.6432","0.6052","1533"
"SYNTH001","1742998404684","2025-03-26T14:13:24.684000","2025-03-26T14:13:34.684000","1742998406014","1742998406097","83","64.89","82.74","65.26","82.69","0.1622","0.1034","1533"
"SYNTH001","1742998404684","2025-03-26T14:13:24.684000","2025-03-26T14:13:34.684000","1742998404959","1742998405053","94","209.27","642.55","209.69","642.63","0.5232","0.8032","1533"
"SYNTH001","1742998404684","2025-03-26T14:13:24.684000","2025-03-26T14:13:34.684000","1742998410064","1742998410189","125","99.91","43.54","100.01","44.5","0.2498","0.0544","1533"
"SYNTH001","1742998404684","2025-03-26T14:13:24.684000","2025-03-26T14:13:34.684000","1742998406451","1742998406494","43","198.16","634.99","197.42","635.29","0.4954","0.7937","1533"
"SYNTH001","1742998404684","2025-03-26T14:13:24.684000","2025-03-26T14:13:34.684000","1742998408902","1742998409003","101","244.71","460.25","243.87","460.05","0.6118","0.5753","1533"
"SYNTH001","1742998404684","2025-03-26T14:13:24.684000","2025-03-26T14:13:34.684000","1742998413588","1742998413693","105","265.46","569.79","265.77","569.68","0.6636","0.7122","1533"
"SYNTH001","1742998404684","2025-03-26T14:13:24.684000","2025-03-26T14:13:34.684000","1742998409959","1742998410026","67","35.49","368.37","34.84","368.25","0.0887","0.4605","1533"
"SYNTH001","1742998404684","2025-03-26T14:13:24.684000","2025-03-26T14:13:34.684000","1742998411974","1742998412046","72","245.9","740.97","244.69","742.87","0.6148","0.9262","1533"
"SYNTH001","1742998404684","2025-03-26T14:13:24.684000","2025-03-26T14:13:34.684000","1742998412861","1742998412933","72","286.34","378.31","285.9","377.38","0.7159","0.4729","1533"
"SYNTH001","1742998404684","2025-03-26T14:13:24.684000","2025-03-26T14:13:34.684000","1742998407580","1742998407652","72","345.08","118.62","344.2","118.72","0.8627","0.1483","1533"
"SYNTH001","1742998404684","2025-03-26T14:13:24.684000","2025-03-26T14:13:34.684000","1742998413424","1742998413526","102","185.85","342.64","186.47","341.93","0.4646","0.4283","1533"
"SYNTH001","1742998404684","2025-03-26T14:13:24.684000","2025-03-26T14:13:34.684000","1742998408338","1742998408399","61","62.56","299.06","62.44","298.63","0.1564","0.3738","1533"
"SYNTH001","1742998404684","2025-03-26T14:13:24.684000","2025-03-26T14:13:34.684000","1742998409703","1742998409792","89","366.23","444.82","366.28","445.27","0.9156","0.556","1533"
"SYNTH001","1742998404684","2025-03-26T14:13:24.684000","2025-03-26T14:13:34.684000","1742998412781","1742998412874","93","80.46","649.15","79.56","649.37","0.2011","0.8114","1533"
"SYNTH001","1742998404684","2025-03-26T14:13:24.684000","2025-03-26T14:13:34.684000","1742998404974","1742998405046","72","320.67","736.79","319.2","738.67","0.8017","0.921","1533"
"SYNTH001","1742998404684","2025-03-26T14:13:24.684000","2025-03-26T14:13:34.684000","1742998410543","1742998410645","102","62.74","279.02","62.67","279.16","0.1569","0.3488","1533"
"SYNTH001","1742998404684","2025-03-26T14:13:24.684000","2025-03-26T14:13:34.684000","1742998407302","1742998407370","68","118.83","107.46","119.64","107.36","0.2971","0.1343","1533"
"SYNTH001","1742998404684","2025-03-26T14:13:24.684000","2025-03-26T14:13:34.684000","1742998413860","1742998413957","97","28.03","422.7","27.29","422.94","0.0701","0.5284","1533"
"SYNTH001","1742998404684","2025-03-26T14:13:24.684000","2025-03-26T14:13:34.684000","1742998409286","1742998409317","31","161.42","127.7","161.37","128.37","0.4036","0.1596","1533"
"SYNTH001","1742998404684","2025-03-26T14:13:24.684000","2025-03-26T14:13:34.684000","1742998405167","1742998405240","73","170.77","375.98","170.06","375.85","0.4269","0.47","1533"
"SYNTH001","1744438836714","2025-04-12T06:20:36.714000","2025-04-12T06:20:46.714000","1744438843447","1744438843497","50","39.56","642.07","38.59","641.1","0.0989","0.8026","1422"
"SYNTH001","1744438836714","2025-04-12T06:20:36.714000","2025-04-12T06:20:46.714000","1744438843510","1744438843596","86","89.91","614.39","89.45","615.38","0.2248","0.768","1422"
"SYNTH001","1744438836714","2025-04-12T06:20:36.714000","2025-04-12T06:20:46.714000","1744438842702","1744438842768","66","197.14","448.14","195.6","447.96","0.4928","0.5602","1422"
"SYNTH001","1744438836714","2025-04-12T06:20:36.714000","2025-04-12T06:20:46.714000","1744438841160","1744438841240","80","256.09","626.25","255.62","626.42","0.6402","0.7828","1422"
"SYNTH001","1744438836714","2025-04-12T06:20:36.714000","2025-04-12T06:20:46.714000","1744438837749","1744438837846","97","179.21","64.96","179.96","64.39","0.448","0.0812","1422"
"SYNTH001","1744438836714","2025-04-12T06:20:36.714000","2025-04-12T06:20:46.714000","1744438844263","1744438844309","46","299.25","67.14","299.61","67.52","0.7481","0.0839","1422"
"SYNTH001","1744438836714","2025-04-12T06:20:36.714000","2025-04-12T06:20:46.714000","1744438842795","1744438842866","71","229.7","656.24","231.55","656.74","0.5743","0.8203","1422"
"SYNTH001","1744438836714","2025-04-12T06:20:36.714000","2025-04-12T06:20:46.714000","1744438839662","1744438839752","90","56.28","424.84","57.74","425.38","0.1407","0.531","1422"
"SYNTH001","1744438836714","2025-04-12T06:20:36.714000","2025-04-12T06:20:46.714000","1744438838777","1744438838861","84","298.42","595.08","296.74","595.23","0.746","0.7438","1422"
"SYNTH001","1744438836714","2025-04-12T06:20:36.714000","2025-04-12T06:20:46.714000","1744438843996","1744438844088","92","232.77","494.73","233.17","495.2","0.5819","0.6184","1422"
"SYNTH001","1744438836714","2025-04-12T06:20:36.714000","2025-04-12T06:20:46.714000","1744438837491","1744438837587","96","371.06","226.34","369.08","226.0","0.9277","0.2829","1422"
"SYNTH001","1744438836714","2025-04-12T06:20:36.714000","2025-04-12T06:20:46.714000","1744438837514","1744438837607","93","287.11","310.2","286.58","310.64","0.7178","0.3878","1422"
"SYNTH001","1744438836714","2025-04-12T06:20:36.714000","2025-04-12T06:20:46.714000","1744438839201","1744438839299","98","27.54","517.21","27.89","516.69","0.0689","0.6465","1422"
"SYNTH001","1744438836714","2025-04-12T06:20:36.714000","2025-04-12T06:20:46.714000","1744438844219","1744438844321","102","289.01","88.09","290.25","87.49","0.7225","0.1101","1422"
"SYNTH001","1744438836714","2025-04-12T06:20:36.714000","2025-04-12T06:20:46.714000","1744438846041","1744438846127","86","377.85","256.48","377.91","255.05","0.9446","0.3206","1422"
"SYNTH001","1744438836714","2025-04-12T06:20:36.714000","2025-04-12T06:20:46.714000","1744438840230","1744438840317","87","221.65","302.58","223.46","303.13","0.5541","0.3782","1422"
"SYNTH001","1744438836714","2025-04-12T06:20:36.714000","2025-04-12T06:20:46.714000","1744438845974","1744438846061","87","257.74","166.55","257.29","166.97","0.6443","0.2082","1422"
"SYNTH001","1744438836714","2025-04-12T06:20:36.714000","2025-04-12T06:20:46.714000","1744438839215","1744438839273","58","135.71","194.95","135.92","194.7","0.3393","0.2437","1422"
"SYNTH001","1744438836714","2025-04-12T06:20:36.714000","2025-04-12T06:20:46.714000","1744438837099","1744438837168","69","355.36","545.72","354.29","545.4","0.8884","0.6822","1422"
"SYNTH001","1744438836714","2025-04-12T06:20:36.714000","2025-04-12T06:20:46.714000","1744438842917","1744438842972","55","178.33","259.92","178.03","259.64","0.4458","0.3249","1422"
"SYNTH001","1744438836714","2025-04-12T06:20:36.714000","2025-04-12T06:20:46.714000","1744438840503","1744438840575","72","191.83","546.15","192.13","546.22","0.4796","0.6827","1422"
"SYNTH001","1744438836714","2025-04-12T06:20:36.714000","2025-04-12T06:20:46.714000","1744438837179","1744438837264","85","300.27","739.44","301.31","740.14","0.7507","0.9243","1422"
"SYNTH001","1744438836714","2025-04-12T06:20:36.714000","2025-04-12T06:20:46.714000","1744438843677","1744438843740","63","140.83","419.64","140.4","420.06","0.3521","0.5246","1422"
"SYNTH001","1744438836714","2025-04-12T06:20:36.714000","2025-04-12T06:20:46.714000","1744438845374","1744438845496","122","169.6","711.0","169.09","711.89","0.424","0.8887","1422"
"SYNTH001","1744438836714","2025-04-12T06:20:36.714000","2025-04-12T06:20:46.714000","1744438840360","1744438840458","98","238.26","587.18","239.06","587.39","0.5957","0.734","1422"
"SYNTH001","1744438836714","2025-04-12T06:20:36.714000","2025-04-12T06:20:46.714000","1744438841259","1744438841332","73","65.4","130.09","65.99","130.2","0.1635","0.1626","1422"
"SYNTH001","1744438836714","2025-04-12T06:20:36.714000","2025-04-12T06:20:46.714000","1744438843526","1744438843603","77","105.04","147.86","105.53","146.15","0.2626","0.1848","1422"
"SYNTH001","1744438836714","2025-04-12T06:20:36.714000","2025-04-12T06:20:46.714000","1744438839673","1744438839756","83","379.79","481.2","380.47","481.24","0.9495","0.6015","1422"
"SYNTH001","1744438836714","2025-04-12T06:20:36.714000","2025-04-12T06:20:46.714000","1744438838360","1744438838435","75","60.03","52.97","60.2","52.76","0.1501","0.0662","1422"
"SYNTH001","1744438836714","2025-04-12T06:20:36.714000","2025-04-12T06:20:46.714000","1744438845280","1744438845323","43","256.67","159.15","255.63","159.31","0.6417","0.1989","1422"
"SYNTH001","1744438836714","2025-04-12T06:20:36.714000","2025-04-12T06:20:46.714000","1744438843800","1744438843830","30","145.69","384.73","144.78","385.28","0.3642","0.4809","1422"
"SYNTH002","1739568054019","2025-02-14T21:20:54.019000","2025-02-14T21:21:04.019000","1739568061877","1739568061935","58","225.38","636.63","225.44","636.17","0.5634","0.7958","1422"
"SYNTH002","1739568054019","2025-02-14T21:20:54.019000","2025-02-14T21:21:04.019000","1739568058915","1739568058958","43","352.54","243.82","353.12","242.61","0.8813","0.3048","1422"
"SYNTH002","1739568054019","2025-02-14T21:20:54.019000","2025-02-14T21:21:04.019000","1739568062919","1739568063003","84","20.09","128.14","19.97","128.7","0.0502","0.1602","1422"
"SYNTH002","1739568054019","2025-02-14T21:20:54.019000","2025-02-14T21:21:04.019000","1739568062362","1739568062424","62","134.12","581.22","133.86","581.23","0.3353","0.7265","1422"
"SYNTH002","1739568054019","2025-02-14T21:20:54.019000","2025-02-14T21:21:04.019000","1739568060732","1739568060850","118","323.12","466.96","322.99","467.3","0.8078","0.5837","1422"
"SYNTH002","1739568054019","2025-02-14T21:20:54.019000","2025-02-14T21:21:04.019000","1739568063499","1739568063564","65","112.25","90.23","112.66","89.09","0.2806","0.1128","1422"
"SYNTH002","1739568054019","2025-02-14T21:20:54.019000","2025-02-14T21:21:04.019000","1739568061010","1739568061102","92","32.8","678.36","32.36","677.2","0.082","0.848","1422"
"SYNTH002","1739568054019","2025-02-14T21:20:54.019000","2025-02-14T21:21:04.019000","1739568058879","1739568058959","80","308.42","470.84","308.69","471.23","0.7711","0.5885","1422"
"SYNTH002","1739568054019","2025-02-14T21:20:54.019000","2025-02-14T21:21:04.019000","1739568062974","1739568063090","116","345.73","492.87","345.76","491.25","0.8643","0.6161","1422"
"SYNTH002","1739568054019","2025-02-14T21:20:54.019000","2025-02-14T21:21:04.019000","1739568054409","1739568054485","76","246.23","155.88","246.94","154.68","0.6156","0.1948","1422"
"SYNTH002","1739568054019","2025-02-14T21:20:54.019000","2025-02-14T21:21:04.019000","1739568060924","1739568061011","87","310.95","440.82","310.69","441.36","0.7774","0.551","1422"
"SYNTH002","1739568054019","2025-02-14T21:20:54.019000","2025-02-14T21:21:04.019000","1739568059104","1739568059142","38","306.45","714.43","307.41","714.78","0.7661","0.893","1422"
"SYNTH002","1739568054019","2025-02-14T21:20:54.019000","2025-02-14T21:21:04.019000","1739568059015","1739568059103","88","328.34","66.55","327.74","67.49","0.8208","0.0832","1422"
"SYNTH002","1739568054019","2025-02-14T21:20:54.019000","2025-02-14T21:21:04.019000","1739568059120","1739568059186","66","196.19","322.74","194.94","323.29","0.4905","0.4034","1422"
"SYNTH002","1739568054019","2025-02-14T21:20:54.019000","2025-02-14T21:21:04.019000","1739568061514","1739568061610","96","196.32","350.97","197.83","351.92","0.4908","0.4387","1422"
"SYNTH002","1739568054019","2025-02-14T21:20:54.019000","2025-02-14T21:21:04.019000","1739568057006","1739568057109","103","89.3","593.73","90.48","593.91","0.2232","0.7422","1422"
"SYNTH002","1739568054019","2025-02-14T21:20:54.019000","2025-02-14T21:21:04.019000","1739568059065","1739568059148","83","181.04","661.17","181.33","660.83","0.4526","0.8265","1422"
"SYNTH002","1739568054019","2025-02-14T21:20:54.019000","2025-02-14T21:21:04.019000","1739568055776","1739568055872","96","279.92","184.35","279.29","184.22","0.6998","0.2304","1422"
"SYNTH002","1739568054019","2025-02-14T21:20:54.019000","2025-02-14T21:21:04.019000","1739568060830","1739568060883","53","279.6","421.79","278.72","422.0","0.699","0.5272","1422"
"SYNTH002","1739568054019","2025-02-14T21:20:54.019000","2025-02-14T21:21:04.019000","1739568056070","1739568056159","89","379.97","383.26","378.87","384.01","0.9499","0.4791","1422"
"SYNTH002","1739568054019","2025-02-14T21:20:54.019000","2025-02-14T21:21:04.019000","1739568057085","1739568057153","68","84.74","124.58","85.87","124.62","0.2118","0.1557","1422"
"SYNTH002","1739568054019","2025-02-14T21:20:54.019000","2025-02-14T21:21:04.019000","1739568054188","1739568054247","59","312.77","515.78","313.21","516.02","0.7819","0.6447","1422"
"SYNTH002","1739568054019","2025-02-14T21:20:54.019000","2025-02-14T21:21:04.019000","1739568055029","1739568055079","50","281.38","668.16","282.25","667.51","0.7034","0.8352","1422"
"SYNTH002","1739568054019","2025-02-14T21:20:54.019000","2025-02-14T21:21:04.019000","1739568055254","1739568055333","79","373.72","720.28","372.79","720.04","0.9343","0.9004","1422"
"SYNTH002","1739568054019","2025-02-14T21:20:54.019000","2025-02-14T21:21:04.019000","1739568060464","1739568060510","46","213.51","433.34","214.59","433.14","0.5338","0.5417","1422"
"SYNTH002","1739568054019","2025-02-14T21:20:54.019000","2025-02-14T21:21:04.019000","1739568062734","1739568062801","67","171.03","692.09","172.17","692.49","0.4276","0.8651","1422"
"SYNTH002","1739568054019","2025-02-14T21:20:54.019000","2025-02-14T21:21:04.019000","1739568060054","1739568060100","46","152.67","447.68","153.33","448.18","0.3817","0.5596","1422"
"SYNTH002","1739568054019","2025-02-14T21:20:54.019000","2025-02-14T21:21:04.019000","1739568056133","1739568056217","84","176.69","345.1","177.04","344.72","0.4417","0.4314","1422"
"SYNTH002","1739568054019","2025-02-14T21:20:54.019000","2025-02-14T21:21:04.019000","1739568058731","1739568058829","98","123.59","285.94","123.81","285.37","0.309","0.3574","1422"
"SYNTH002","1739568054019","2025-02-14T21:20:54.019000","2025-02-14T21:21:04.019000","1739568060069","1739568060152","83","211.07","311.26","210.82","312.38","0.5277","0.3891","1422"
"SYNTH002","1739568054019","2025-02-14T21:20:54.019000","2025-02-14T21:21:04.019000","1739568056716","1739568056791","75","272.69","557.15","272.43","557.0","0.6817","0.6964","1422"
"SYNTH002","1739568054019","2025-02-14T21:20:54.019000","2025-02-14T21:21:04.019000","1739568057241","1739568057287","46","65.68","134.86","67.84","134.71","0.1642","0.1686","1422"
"SYNTH002","1739568054019","2025-02-14T21:20:54.019000","2025-02-14T21:21:04.019000","1739568054611","1739568054683","72","204.78","80.58","205.15","81.72","0.5119","0.1007","1422"
"SYNTH002","1739568054019","2025-02-14T21:20:54.019000","2025-02-14T21:21:04.019000","1739568054700","1739568054745","45","300.73","478.62","302.16","478.31","0.7518","0.5983","1422"
"SYNTH002","1739568054019","2025-02-14T21:20:54.019000","2025-02-14T21:21:04.019000","1739568055805","1739568055865","60","198.04","575.03","197.7","574.97","0.4951","0.7188","1422"
"SYNTH002","1738177703191","2025-01-29T19:08:23.191000","2025-01-29T19:08:33.191000","1738177707255","1738177707328","73","87.06","692.61","87.26","692.7","0.2176","0.8658","1422"
"SYNTH002","1738177703191","2025-01-29T19:08:23.191000","2025-01-29T19:08:33.191000","1738177704215","1738177704265","50","219.69","656.3","219.67","656.93","0.5492","0.8204","1422"
"SYNTH002","1738177703191","2025-01-29T19:08:23.191000","2025-01-29T19:08:33.191000","1738177708085","1738177708156","71","56.9","505.72","58.11","504.75","0.1423","0.6322","1422"
"SYNTH002","1738177703191","2025-01-29T19:08:23.191000","2025-01-29T19:08:33.191000","1738177705887","1738177705968","81","157.83","231.14","156.43","230.5","0.3946","0.2889","1422"
"SYNTH002","1738177703191","2025-01-29T19:08:23.191000","2025-01-29T19:08:33.191000","1738177706669","1738177706733","64","237.14","454.2","237.92","454.89","0.5929","0.5677","1422"
"SYNTH002","1738177703191","2025-01-29T19:08:23.191000","2025-01-29T19:08:33.191000","1738177709139","1738177709195","56","311.34","174.46","312.89","175.35","0.7783","0.2181","1422"
"SYNTH002","1738177703191","2025-01-29T19:08:23.191000","2025-01-29T19:08:33.191000","1738177706712","1738177706791","79","153.22","481.09","153.02","481.08","0.383","0.6014","1422"
"SYNTH002","1738177703191","2025-01-29T19:08:23.191000","2025-01-29T19:08:33.191000","1738177709989","1738177710052","63","257.59","73.42","258.43","73.24","0.644","0.0918","1422"
"SYNTH002","1738177703191","2025-01-29T19:08:23.191000","2025-01-29T19:08:33.191000","1738177710736","1738177710795","59","203.78","352.64","203.48","353.6","0.5094","0.4408","1422"
"SYNTH002","1738177703191","2025-01-29T19:08:23.191000","2025-01-29T19:08:33.191000","1738177708339","1738177708382","43","89.95","634.7","90.38","633.97","0.2249","0.7934","1422"
"SYNTH002","1738177703191","2025-01-29T19:08:23.191000","2025-01-29T19:08:33.191000","1738177709900","1738177709950","50","322.5","47.25","322.41","46.67","0.8063","0.0591","1422"
"SYNTH002","1738177703191","2025-01-29T19:08:23.191000","2025-01-29T19:08:33.191000","1738177709949","1738177710031","82","325.03","477.74","327.36","477.45","0.8126","0.5972","1422"
"SYNTH002","1738177703191","2025-01-29T19:08:23.191000","2025-01-29T19:08:33.191000","1738177711690","1738177711781","91","63.74","40.29","63.51","40.07","0.1594","0.0504","1422"
"SYNTH002","1738177703191","2025-01-29T19:08:23.191000","2025-01-29T19:08:33.191000","1738177710206","1738177710298","92","268.06","105.33","269.21","105.88","0.6701","0.1317","1422"
"SYNTH002","1738177703191","2025-01-29T19:08:23.191000","2025-01-29T19:08:33.191000","1738177709271","1738177709338","67","153.07","359.15","152.87","359.81","0.3827","0.4489","1422"
"SYNTH002","1741019728690","2025-03-03T16:35:28.690000","2025-03-03T16:35:38.690000","1741019730275","1741019730346","71","110.57","71.93","109.33","71.49","0.2764","0.0899","1727"
"SYNTH002","1741019728690","2025-03-03T16:35:28.690000","2025-03-03T16:35:38.690000","1741019731999","1741019732037","38","202.55","455.81","203.1","455.94","0.5064","0.5698","1727"
"SYNTH002","1741019728690","2025-03-03T16:35:28.690000","2025-03-03T16:35:38.690000","1741019735992","1741019736080","88","313.92","515.58","312.27","516.3","0.7848","0.6445","1727"
"SYNTH002","1741019728690","2025-03-03T16:35:28.690000","2025-03-03T16:35:38.690000","1741019730707","1741019730783","76","139.66","350.08","139.87","350.95","0.3491","0.4376","1727"
"SYNTH002","1741019728690","2025-03-03T16:35:28.690000","2025-03-03T16:35:38.690000","1741019734968","1741019735043","75","153.47","40.03","153.46","40.01","0.3837","0.05","1727"
"SYNTH002","1741019728690","2025-03-03T16:35:28.690000","2025-03-03T16:35:38.690000","1741019731421","1741019731462","41","229.12","66.19","230.21","65.53","0.5728","0.0827","1727"
"SYNTH002","1741019728690","2025-03-03T16:35:28.690000","2025-03-03T16:35:38.690000","1741019731654","1741019731738","84","87.9","366.61","87.73","367.59","0.2198","0.4583","1727"
"SYNTH002","1741019728690","2025-03-03T16:35:28.690000","2025-03-03T16:35:38.690000","1741019730247","1741019730342","95","82.17","443.65","83.64","442.51","0.2054","0.5546","1727"
"SYNTH002","1741019728690","2025-03-03T16:35:28.690000","2025-03-03T16:35:38.690000","1741019734025","1741019734083","58","312.41","587.66","311.64","588.43","0.781","0.7346","1727"
"SYNTH002","1741019728690","2025-03-03T16:35:28.690000","2025-03-03T16:35:38.690000","1741019733040","1741019733083","43","379.98","207.6","380.65","207.27","0.95","0.2595","1727"
"SYNTH002","1741019728690","2025-03-03T16:35:28.690000","2025-03-03T16:35:38.690000","1741019730436","1741019730510","74","247.84","135.9","248.73","136.43","0.6196","0.1699","1727"
"SYNTH002","1741019728690","2025-03-03T16:35:28.690000","2025-03-03T16:35:38.690000","1741019731317","1741019731418","101","208.37","55.8","208.21","57.56","0.5209","0.0697","1727"
"SYNTH002","1741019728690","2025-03-03T16:35:28.690000","2025-03-03T16:35:38.690000","1741019729187","1741019729257","70","214.36","160.1","213.29","159.74","0.5359","0.2001","1727"
"SYNTH002","1741019728690","2025-03-03T16:35:28.690000","2025-03-03T16:35:38.690000","1741019729093","1741019729172","79","369.24","459.69","369.63","459.62","0.9231","0.5746","1727"
"SYNTH002","1741019728690","2025-03-03T16:35:28.690000","2025-03-03T16:35:38.690000","1741019731710","1741019731772","62","342.27","533.23","342.14","534.77","0.8557","0.6665","1727"
"SYNTH002","1741019728690","2025-03-03T16:35:28.690000","2025-03-03T16:35:38.690000","1741019728936","1741019729000","64","108.69","685.65","107.71","685.6","0.2717","0.8571","1727"
"SYNTH002","1741019728690","2025-03-03T16:35:28.690000","2025-03-03T16:35:38.690000","1741019732673","1741019732754","81","117.45","171.57","118.02","171.38","0.2936","0.2145","1727"
"SYNTH002","1741019728690","2025-03-03T16:35:28.690000","2025-03-03T16:35:38.690000","1741019732929","1741019733000","71","91.31","104.03","92.85","103.53","0.2283","0.13","1727"
"SYNTH002","1741019728690","2025-03-03T16:35:28.690000","2025-03-03T16:35:38.690000","1741019734650","1741019734723","73","219.57","364.35","220.7","364.19","0.5489","0.4554","1727"
"SYNTH002","1741019728690","2025-03-03T16:35:28.690000","2025-03-03T16:35:38.690000","1741019733543","1741019733648","105","190.72","68.89","189.78","68.26","0.4768","0.0861","1727"
"SYNTH002","1741019728690","2025-03-03T16:35:28.690000","2025-03-03T16:35:38.690000","1741019728950","1741019729030","80","202.13","142.11","203.25","141.15","0.5053","0.1776","1727"
"SYNTH002","1741019728690","2025-03-03T16:35:28.690000","2025-03-03T16:35:38.690000","1741019731870","1741019731932","62","181.77","240.93","181.89","241.55","0.4544","0.3012","1727"
"SYNTH002","1741019728690","2025-03-03T16:35:28.690000","2025-03-03T16:35:38.690000","1741019736840","1741019736908","68","123.14","247.3","122.48","248.15","0.3079","0.3091","1727"
"SYNTH002","1741019728690","2025-03-03T16:35:28.690000","2025-03-03T16:35:38.690000","1741019731595","1741019731688","93","83.07","722.4","83.61","722.06","0.2077","0.903","1727"
"SYNTH003","1740859302673","2025-03-01T20:01:42.673000","2025-03-01T20:01:52.673000","1740859310634","1740859310712","78","189.97","157.97","191.13","157.29","0.4749","0.1975","1727"
"SYNTH003","1740859302673","2025-03-01T20:01:42.673000","2025-03-01T20:01:52.673000","1740859310723","1740859310780","57","322.01","56.89","322.35","56.52","0.805","0.0711","1727"
"SYNTH003","1740859302673","2025-03-01T20:01:42.673000","2025-03-01T20:01:52.673000","1740859305433","1740859305508","75","181.4","298.05","181.91","299.26","0.4535","0.3726","1727"
"SYNTH003","1740859302673","2025-03-01T20:01:42.673000","2025-03-01T20:01:52.673000","1740859310722","1740859310816","94","165.74","683.34","165.58","683.27","0.4144","0.8542","1727"
"SYNTH003","1740859302673","2025-03-01T20:01:42.673000","2025-03-01T20:01:52.673000","1740859304172","1740859304283","111","332.36","99.91","332.99","101.36","0.8309","0.1249","1727"
"SYNTH003","1740859302673","2025-03-01T20:01:42.673000","2025-03-01T20:01:52.673000","1740859306893","1740859306941","48","354.67","604.12","354.39","603.07","0.8867","0.7551","1727"
"SYNTH003","1740859302673","2025-03-01T20:01:42.673000","2025-03-01T20:01:52.673000","1740859309410","1740859309506","96","240.15","267.5","240.65","267.6","0.6004","0.3344","1727"
"SYNTH003","1740859302673","2025-03-01T20:01:42.673000","2025-03-01T20:01:52.673000","1740859307955","1740859308024","69","159.82","142.77","160.21","142.14","0.3995","0.1785","1727"
"SYNTH003","1740859302673","2025-03-01T20:01:42.673000","2025-03-01T20:01:52.673000","1740859311536","1740859311611","75","44.38","189.95","44.18","191.17","0.1109","0.2374","1727"
"SYNTH003","1740859302673","2025-03-01T20:01:42.673000","2025-03-01T20:01:52.673000","1740859310797","1740859310864","67","95.66","417.1","95.32","417.18","0.2392","0.5214","1727"
"SYNTH003","1740859302673","2025-03-01T20:01:42.673000","2025-03-01T20:01:52.673000","1740859302976","1740859303063","87","372.58","93.68","371.97","93.24","0.9315","0.1171","1727"
"SYNTH003","1740859302673","2025-03-01T20:01:42.673000","2025-03-01T20:01:52.673000","1740859311415","1740859311470","55","315.66","712.03","315.19","711.8","0.7891","0.89","1727"
"SYNTH003","1740859302673","2025-03-01T20:01:42.673000","2025-03-01T20:01:52.673000","1740859303409","1740859303484","75","73.34","424.81","75.13","425.71","0.1834","0.531","1727"
"SYNTH003","1740859302673","2025-03-01T20:01:42.673000","2025-03-01T20:01:52.673000","1740859307725","1740859307827","102","139.02","261.09","138.82","260.16","0.3475","0.3264","1727"
"SYNTH003","1740859302673","2025-03-01T20:01:42.673000","2025-03-01T20:01:52.673000","1740859307259","1740859307325","66","249.35","54.44","248.44","53.9","0.6234","0.068","1727"
"SYNTH003","1740859302673","2025-03-01T20:01:42.673000","2025-03-01T20:01:52.673000","1740859306340","1740859306402","62","311.43","582.25","311.02","581.74","0.7786","0.7278","1727"
"SYNTH003","1740859302673","2025-03-01T20:01:42.673000","2025-03-01T20:01:52.673000","1740859304871","1740859304923","52","260.64","48.73","260.32","47.72","0.6516","0.0609","1727"
"SYNTH003","1740859302673","2025-03-01T20:01:42.673000","2025-03-01T20:01:52.673000","1740859305860","1740859305922","62","217.26","205.94","218.45","206.49","0.5431","0.2574","1727"
"SYNTH003","1740859302673","2025-03-01T20:01:42.673000","2025-03-01T20:01:52.673000","1740859311339","1740859311423","84","280.25","178.34","280.23","176.91","0.7006","0.2229","1727"
"SYNTH003","1740859302673","2025-03-01T20:01:42.673000","2025-03-01T20:01:52.673000","1740859304603","1740859304693","90","61.81","561.13","61.93","560.87","0.1545","0.7014","1727"
"SYNTH003","1740859302673","2025-03-01T20:01:42.673000","2025-03-01T20:01:52.673000","1740859310837","1740859310916","79","32.98","608.04","33.15","606.69","0.0825","0.7601","1727"
"SYNTH003","1740859302673","2025-03-01T20:01:42.673000","2025-03-01T20:01:52.673000","1740859304219","1740859304309","90","233.73","616.68","233.62","614.76","0.5843","0.7708","1727"
"SYNTH003","1740859302673","2025-03-01T20:01:42.673000","2025-03-01T20:01:52.673000","1740859305473","1740859305526","53","171.76","580.77","171.4","580.12","0.4294","0.726","1727"
"SYNTH003","1740859302673","2025-03-01T20:01:42.673000","2025-03-01T20:01:52.673000","1740859311945","1740859312002","57","241.28","395.88","242.15","396.38","0.6032","0.4949","1727"
"SYNTH003","1740859302673","2025-03-01T20:01:42.673000","2025-03-01T20:01:52.673000","1740859305306","1740859305385","79","303.62","695.87","303.23","697.07","0.7591","0.8698","1727"
"SYNTH003","1740859302673","2025-03-01T20:01:42.673000","2025-03-01T20:01:52.673000","1740859311438","1740859311477","39","370.79","113.6","369.49","114.14","0.927","0.142","1727"
"SYNTH003","1740859302673","2025-03-01T20:01:42.673000","2025-03-01T20:01:52.673000","1740859309550","1740859309633","83","141.47","592.8","141.93","594.24","0.3537","0.741","1727"
"SYNTH003","1740859302673","2025-03-01T20:01:42.673000","2025-03-01T20:01:52.673000","1740859311759","1740859311822","63","344.9","70.75","344.97","69.73","0.8622","0.0884","1727"
"SYNTH003","1740859302673","2025-03-01T20:01:42.673000","2025-03-01T20:01:52.673000","1740859308219","1740859308267","48","243.23","331.54","243.27","332.32","0.6081","0.4144","1727"
"SYNTH003","1740859302673","2025-03-01T20:01:42.673000","2025-03-01T20:01:52.673000","1740859309298","1740859309392","94","363.11","433.61","363.15","433.43","0.9078","0.542","1727"
"SYNTH003","1740859302673","2025-03-01T20:01:42.673000","2025-03-01T20:01:52.673000","1740859307076","1740859307129","53","92.66","517.93","92.99","517.97","0.2317","0.6474","1727"
"SYNTH003","1742190078556","2025-03-17T05:41:18.556000","2025-03-17T05:41:28.556000","1742190087929","1742190088015","86","240.18","436.27","239.1","435.81","0.6004","0.5453","1533"
"SYNTH003","1742190078556","2025-03-17T05:41:18.556000","2025-03-17T05:41:28.556000","1742190084080","1742190084135","55","225.52","40.84","225.83","39.81","0.5638","0.051","1533"
"SYNTH003","1742190078556","2025-03-17T05:41:18.556000","2025-03-17T05:41:28.556000","1742190083317","1742190083347","30","321.91","708.5","322.74","708.65","0.8048","0.8856","1533"
"SYNTH003","1742190078556","2025-03-17T05:41:18.556000","2025-03-17T05:41:28.556000","1742190083724","1742190083814","90","168.92","281.09","167.94","282.22","0.4223","0.3514","1533"
"SYNTH003","1742190078556","2025-03-17T05:41:18.556000","2025-03-17T05:41:28.556000","1742190083122","1742190083220","98","183.58","736.88","183.61","736.07","0.4589","0.9211","1533"
"SYNTH003","1742190078556","2025-03-17T05:41:18.556000","2025-03-17T05:41:28.556000","1742190079468","1742190079525","57","127.64","283.69","126.26","283.77","0.3191","0.3546","1533"
"SYNTH003","1742190078556","2025-03-17T05:41:18.556000","2025-03-17T05:41:28.556000","1742190084797","1742190084904","107","332.82","541.99","332.42","543.67","0.832","0.6775","1533"
"SYNTH003","1742190078556","2025-03-17T05:41:18.556000","2025-03-17T05:41:28.556000","1742190080337","1742190080423","86","113.96","121.03","113.94","120.8","0.2849","0.1513","1533"
"SYNTH003","1742190078556","2025-03-17T05:41:18.556000","2025-03-17T05:41:28.556000","1742190081622","1742190081729","107","55.73","327.76","55.53","328.14","0.1393","0.4097","1533"
"SYNTH003","1742190078556","2025-03-17T05:41:18.556000","2025-03-17T05:41:28.556000","1742190080244","1742190080313","69","45.82","664.25","45.44","664.02","0.1145","0.8303","1533"
"SYNTH003","1742190078556","2025-03-17T05:41:18.556000","2025-03-17T05:41:28.556000","1742190078728","1742190078802","74","364.84","748.76","366.31","748.12","0.9121","0.9359","1533"
"SYNTH003","1742190078556","2025-03-17T05:41:18.556000","2025-03-17T05:41:28.556000","1742190087333","1742190087419","86","72.59","282.93","73.11","282.52","0.1815","0.3537","1533"
"SYNTH003","1742190078556","2025-03-17T05:41:18.556000","2025-03-17T05:41:28.556000","1742190082382","1742190082435","53","347.39","240.79","346.2","240.35","0.8685","0.301","1533"
"SYNTH003","1742190078556","2025-03-17T05:41:18.556000","2025-03-17T05:41:28.556000","1742190081306","1742190081380","74","279.08","757.52","279.03","759.23","0.6977","0.9469","1533"
"SYNTH003","1742190078556","2025-03-17T05:41:18.556000","2025-03-17T05:41:28.556000","1742190086180","1742190086270","90","204.44","568.16","204.31","569.04","0.5111","0.7102","1533"
"SYNTH003","1742190078556","2025-03-17T05:41:18.556000","2025-03-17T05:41:28.556000","1742190087037","1742190087121","84","252.94","535.51","253.22","535.55","0.6324","0.6694","1533"
"SYNTH003","1744277292647","2025-04-10T09:28:12.647000","2025-04-10T09:28:22.647000","1744277292869","1744277292923","54","47.74","132.34","47.7","132.34","0.1194","0.1654","1422"
"SYNTH003","1744277292647","2025-04-10T09:28:12.647000","2025-04-10T09:28:22.647000","1744277299922","1744277299977","55","24.05","495.9","24.84","495.88","0.0601","0.6199","1422"
"SYNTH003","1744277292647","2025-04-10T09:28:12.647000","2025-04-10T09:28:22.647000","1744277296550","1744277296650","100","273.46","296.21","272.39","296.46","0.6836","0.3703","1422"
"SYNTH003","1744277292647","2025-04-10T09:28:12.647000","2025-04-10T09:28:22.647000","1744277301444","1744277301530","86","258.44","463.71","258.45","463.99","0.6461","0.5796","1422"
"SYNTH003","1744277292647","2025-04-10T09:28:12.647000","2025-04-10T09:28:22.647000","1744277299097","1744277299180","83","167.13","611.07","167.03","611.98","0.4178","0.7638","1422"
"SYNTH003","1744277292647","2025-04-10T09:28:12.647000","2025-04-10T09:28:22.647000","1744277299247","1744277299303","56","164.12","328.32","163.42","329.93","0.4103","0.4104","1422"
"SYNTH003","1744277292647","2025-04-10T09:28:12.647000","2025-04-10T09:28:22.647000","1744277297356","1744277297413","57","191.48","97.14","191.44","98.65","0.4787","0.1214","1422"
"SYNTH003","1744277292647","2025-04-10T09:28:12.647000","2025-04-10T09:28:22.647000","1744277296828","1744277296909","81","61.86","271.17","63.05","271.07","0.1547","0.339","1422"
"SYNTH003","1744277292647","2025-04-10T09:28:12.647000","2025-04-10T09:28:22.647000","1744277293783","1744277293869","86","117.52","519.88","117.67","518.5","0.2938","0.6499","1422"
"SYNTH003","1744277292647","2025-04-10T09:28:12.647000","2025-04-10T09:28:22.647000","1744277298121","1744277298217","96","97.2","443.56","96.65","444.27","0.243","0.5545","1422"
"SYNTH003","1744277292647","2025-04-10T09:28:12.647000","2025-04-10T09:28:22.647000","1744277296007","1744277296094","87","295.15","198.09","296.52","198.39","0.7379","0.2476","1422"
"SYNTH003","1744277292647","2025-04-10T09:28:12.647000","2025-04-10T09:28:22.647000","1744277300338","1744277300425","87","68.65","429.85","68.4","429.8","0.1716","0.5373","1422"
"SYNTH003","1744277292647","2025-04-10T09:28:12.647000","2025-04-10T09:28:22.647000","1744277296121","1744277296190","69","122.48","461.47","121.66","460.34","0.3062","0.5768","1422"
"SYNTH003","1744277292647","2025-04-10T09:28:12.647000","2025-04-10T09:28:22.647000","1744277296329","1744277296400","71","26.0","127.25","25.62","127.32","0.065","0.1591","1422"
"SYNTH003","1744277292647","2025-04-10T09:28:12.647000","2025-04-10T09:28:22.647000","1744277299708","1744277299790","82","213.52","107.91","215.51","106.98","0.5338","0.1349","1422"
"SYNTH003","1744277292647","2025-04-10T09:28:12.647000","2025-04-10T09:28:22.647000","1744277301996","1744277302044","48","94.57","714.28","96.31","714.65","0.2364","0.8929","1422"
"SYNTH003","1744277292647","2025-04-10T09:28:12.647000","2025-04-10T09:28:22.647000","1744277294433","1744277294502","69","225.39","81.36","225.95","79.8","0.5635","0.1017","1422"
"SYNTH003","1744277292647","2025-04-10T09:28:12.647000","2025-04-10T09:28:22.647000","1744277296759","1744277296854","95","101.83","740.57","103.14","740.26","0.2546","0.9257","1422"
"SYNTH004","1739061173557","2025-02-09T00:32:53.557000","2025-02-09T00:33:03.557000","1739061181463","1739061181516","53","242.8","485.66","242.33","486.21","0.607","0.6071","1727"
"SYNTH004","1739061173557","2025-02-09T00:32:53.557000","2025-02-09T00:33:03.557000","1739061178550","1739061178609","59","308.81","233.56","309.63","233.93","0.772","0.2919","1727"
"SYNTH004","1739061173557","2025-02-09T00:32:53.557000","2025-02-09T00:33:03.557000","1739061180674","1739061180752","78","57.37","695.54","57.87","695.29","0.1434","0.8694","1727"
"SYNTH004","1739061173557","2025-02-09T00:32:53.557000","2025-02-09T00:33:03.557000","1739061174649","1739061174696","47","299.82","429.41","300.64","428.04","0.7496","0.5368","1727"
"SYNTH004","1739061173557","2025-02-09T00:32:53.557000","2025-02-09T00:33:03.557000","1739061179125","1739061179191","66","272.52","394.24","273.86","395.32","0.6813","0.4928","1727"
"SYNTH004","1739061173557","2025-02-09T00:32:53.557000","2025-02-09T00:33:03.557000","1739061180059","1739061180130","71","204.53","587.97","205.55","588.82","0.5113","0.735","1727"
"SYNTH004","1739061173557","2025-02-09T00:32:53.557000","2025-02-09T00:33:03.557000","1739061177836","1739061177891","55","180.94","377.43","180.64","376.84","0.4524","0.4718","1727"
"SYNTH004","1739061173557","2025-02-09T00:32:53.557000","2025-02-09T00:33:03.557000","1739061180616","1739061180721","105","54.03","595.54","54.81","594.64","0.1351","0.7444","1727"
"SYNTH004","1739061173557","2025-02-09T00:32:53.557000","2025-02-09T00:33:03.557000","1739061177835","1739061177941","106","319.28","448.36","319.45","448.09","0.7982","0.5604","1727"
"SYNTH004","1739061173557","2025-02-09T00:32:53.557000","2025-02-09T00:33:03.557000","1739061180482","1739061180514","32","61.88","111.35","62.62","110.9","0.1547","0.1392","1727"
"SYNTH004","1739061173557","2025-02-09T00:32:53.557000","2025-02-09T00:33:03.557000","1739061182875","1739061182946","71","35.7","480.9","35.67","482.1","0.0892","0.6011","1727"
"SYNTH004","1739061173557","2025-02-09T00:32:53.557000","2025-02-09T00:33:03.557000","1739061178875","1739061178952","77","73.99","86.97","74.17","87.78","0.185","0.1087","1727"
"SYNTH004","1739061173557","2025-02-09T00:32:53.557000","2025-02-09T00:33:03.557000","1739061178130","1739061178197","67","292.48","137.7","292.07","136.51","0.7312","0.1721","1727"
"SYNTH004","1739061173557","2025-02-09T00:32:53.557000","2025-02-09T00:33:03.557000","1739061176838","1739061176939","101","352.0","611.2","351.32","611.62","0.88","0.764","1727"
"SYNTH004","1739061173557","2025-02-09T00:32:53.557000","2025-02-09T00:33:03.557000","1739061179364","1739061179445","81","351.93","747.42","351.58","748.05","0.8798","0.9343","1727"
"SYNTH004","1739061173557","2025-02-09T00:32:53.557000","2025-02-09T00:33:03.557000","1739061175490","1739061175522","32","268.52","181.43","268.78","180.95","0.6713","0.2268","1727"
"SYNTH004","1739061173557","2025-02-09T00:32:53.557000","2025-02-09T00:33:03.557000","1739061177302","1739061177354","52","213.69","228.54","212.97","228.53","0.5342","0.2857","1727"
"SYNTH004","1739061173557","2025-02-09T00:32:53.557000","2025-02-09T00:33:03.557000","1739061175951","1739061176046","95","220.51","654.03","220.28","654.04","0.5513","0.8175","1727"
"SYNTH004","1739061173557","2025-02-09T00:32:53.557000","2025-02-09T00:33:03.557000","1739061181779","1739061181868","89","225.11","294.8","224.1","294.79","0.5628","0.3685","1727"
"SYNTH004","1739061173557","2025-02-09T00:32:53.557000","2025-02-09T00:33:03.557000","1739061180146","1739061180201","55","146.98","390.86","146.26","391.58","0.3674","0.4886","1727"
"SYNTH004","1739061173557","2025-02-09T00:32:53.557000","2025-02-09T00:33:03.557000","1739061177143","1739061177215","72","280.23","156.02","280.36","157.25","0.7006","0.195","1727"
"SYNTH004","1739061173557","2025-02-09T00:32:53.557000","2025-02-09T00:33:03.557000","1739061177156","1739061177252","96","82.99","198.6","80.63","198.49","0.2075","0.2482","1727"
"SYNTH004","1739061173557","2025-02-09T00:32:53.557000","2025-02-09T00:33:03.557000","1739061174321","1739061174390","69","290.32","496.81","289.03","496.69","0.7258","0.621","1727"
"SYNTH004","1739061173557","2025-02-09T00:32:53.557000","2025-02-09T00:33:03.557000","1739061176023","1739061176074","51","55.25","417.71","55.18","417.1","0.1381","0.5221","1727"
"SYNTH004","1739061173557","2025-02-09T00:32:53.557000","2025-02-09T00:33:03.557000","1739061179614","1739061179667","53","216.26","52.9","215.8","52.38","0.5407","0.0661","1727"
"SYNTH004","1739061173557","2025-02-09T00:32:53.557000","2025-02-09T00:33:03.557000","1739061180570","1739061180677","107","318.65","333.62","318.5","333.46","0.7966","0.417","1727"
"SYNTH004","1739061173557","2025-02-09T00:32:53.557000","2025-02-09T00:33:03.557000","1739061182774","1739061182870","96","319.46","390.06","318.8","388.63","0.7986","0.4876","1727"
"SYNTH004","1739061173557","2025-02-09T00:32:53.557000","2025-02-09T00:33:03.557000","1739061179244","1739061179362","118","94.98","572.13","94.94","571.83","0.2375","0.7152","1727"
"SYNTH004","1739061173557","2025-02-09T00:32:53.557000","2025-02-09T00:33:03.557000","1739061179750","1739061179825","75","328.04","502.73","328.69","503.89","0.8201","0.6284","1727"
"SYNTH004","1739061173557","2025-02-09T00:32:53.557000","2025-02-09T00:33:03.557000","1739061181957","1739061182021","64","131.21","690.18","129.85","691.38","0.328","0.8627","1727"
"SYNTH004","1739061173557","2025-02-09T00:32:53.557000","2025-02-09T00:33:03.557000","1739061174548","1739061174643","95","348.19","720.22","347.93","719.94","0.8705","0.9003","1727"
"SYNTH004","1739061173557","2025-02-09T00:32:53.557000","2025-02-09T00:33:03.557000","1739061179369","1739061179443","74","241.02","600.33","240.35","598.53","0.6026","0.7504","1727"
"SYNTH004","1739061173557","2025-02-09T00:32:53.557000","2025-02-09T00:33:03.557000","1739061179054","1739061179108","54","311.16","737.28","310.02","737.17","0.7779","0.9216","1727"
"SYNTH004","1739061173557","2025-02-09T00:32:53.557000","2025-02-09T00:33:03.557000","1739061180324","1739061180404","80","168.24","132.93","168.79","132.76","0.4206","0.1662","1727"
"SYNTH004","1739061173557","2025-02-09T00:32:53.557000","2025-02-09T00:33:03.557000","1739061181739","1739061181769","30","323.66","207.53","325.06","206.06","0.8091","0.2594","1727"
"SYNTH004","1739227062053","2025-02-10T22:37:42.053000","2025-02-10T22:37:52.053000","1739227062427","1739227062525","98","136.39","56.07","138.74","55.7","0.341","0.0701","1660"
"SYNTH004","1739227062053","2025-02-10T22:37:42.053000","2025-02-10T22:37:52.053000","1739227064657","1739227064746","89","142.05","530.77","141.44","530.72","0.3551","0.6635","1660"
"SYNTH004","1739227062053","2025-02-10T22:37:42.053000","2025-02-10T22:37:52.053000","1739227066921","1739227067031","110","213.4","167.97","213.52","168.24","0.5335","0.21","1660"
"SYNTH004","1739227062053","2025-02-10T22:37:42.053000","2025-02-10T22:37:52.053000","1739227070002","1739227070065","63","338.96","696.08","339.47","695.98","0.8474","0.8701","1660"
"SYNTH004","1739227062053","2025-02-10T22:37:42.053000","2025-02-10T22:37:52.053000","1739227064643","1739227064708","65","176.91","69.09","176.43","70.69","0.4423","0.0864","1660"
"SYNTH004","1739227062053","2025-02-10T22:37:42.053000","2025-02-10T22:37:52.053000","1739227068104","1739227068216","112","97.34","78.3","97.73","79.13","0.2433","0.0979","1660"
"SYNTH004","1739227062053","2025-02-10T22:37:42.053000","2025-02-10T22:37:52.053000","1739227070431","1739227070505","74","75.37","330.04","74.47","329.19","0.1884","0.4126","1660"
"SYNTH004","1739227062053","2025-02-10T22:37:42.053000","2025-02-10T22:37:52.053000","1739227069508","1739227069594","86","226.42","652.4","225.61","653.4","0.566","0.8155","1660"
"SYNTH004","1739227062053","2025-02-10T22:37:42.053000","2025-02-10T22:37:52.053000","1739227063061","1739227063132","71","118.13","324.45","118.08","323.95","0.2953","0.4056","1660"
"SYNTH004","1739227062053","2025-02-10T22:37:42.053000","2025-02-10T22:37:52.053000","1739227069652","1739227069756","104","60.95","754.45","62.08","755.12","0.1524","0.9431","1660"
"SYNTH004","1739227062053","2025-02-10T22:37:42.053000","2025-02-10T22:37:52.053000","1739227069901","1739227069952","51","69.48","138.12","69.41","138.02","0.1737","0.1726","1660"
"SYNTH004","1739227062053","2025-02-10T22:37:42.053000","2025-02-10T22:37:52.053000","1739227069381","1739227069459","78","340.91","160.23","339.96","160.65","0.8523","0.2003","1660"
"SYNTH004","1739227062053","2025-02-10T22:37:42.053000","2025-02-10T22:37:52.053000","1739227063213","1739227063302","89","308.13","243.41","308.21","244.08","0.7703","0.3043","1660"
"SYNTH004","1739227062053","2025-02-10T22:37:42.053000","2025-02-10T22:37:52.053000","1739227065609","1739227065681","72","157.58","587.64","157.55","586.78","0.3939","0.7346","1660"
"SYNTH004","1739227062053","2025-02-10T22:37:42.053000","2025-02-10T22:37:52.053000","1739227066859","1739227066941","82","84.64","467.61","84.44","467.13","0.2116","0.5845","1660"
"SYNTH004","1739227062053","2025-02-10T22:37:42.053000","2025-02-10T22:37:52.053000","1739227070909","1739227070976","67","309.32","703.8","308.05","703.78","0.7733","0.8797","1660"
"SYNTH004","1739227062053","2025-02-10T22:37:42.053000","2025-02-10T22:37:52.053000","1739227066189","1739227066241","52","48.09","684.47","47.9","683.58","0.1202","0.8556","1660"
"SYNTH004","1739227062053","2025-02-10T22:37:42.053000","2025-02-10T22:37:52.053000","1739227062376","1739227062432","56","267.98","510.25","268.96","511.79","0.67","0.6378","1660"
"SYNTH004","1739227062053","2025-02-10T22:37:42.053000","2025-02-10T22:37:52.053000","1739227064822","1739227064893","71","119.99","328.12","118.58","329.1","0.3","0.4101","1660"
"SYNTH004","1739227062053","2025-02-10T22:37:42.053000","2025-02-10T22:37:52.053000","1739227066725","1739227066790","65","311.52","164.08","312.8","164.88","0.7788","0.2051","1660"
"SYNTH004","1739227062053","2025-02-10T22:37:42.053000","2025-02-10T22:37:52.053000","1739227069045","1739227069102","57","181.32","545.19","182.31","545.75","0.4533","0.6815","1660"
"SYNTH004","1739227062053","2025-02-10T22:37:42.053000","2025-02-10T22:37:52.053000","1739227069127","1739227069185","58","139.8","356.94","138.82","357.79","0.3495","0.4462","1660"
"SYNTH004","1739227062053","2025-02-10T22:37:42.053000","2025-02-10T22:37:52.053000","1739227068092","1739227068175","83","193.48","439.85","193.42","439.59","0.4837","0.5498","1660"
"SYNTH004","1739227062053","2025-02-10T22:37:42.053000","2025-02-10T22:37:52.053000","1739227068730","1739227068813","83","106.16","201.5","105.98","201.3","0.2654","0.2519","1660"
"SYNTH004","1739227062053","2025-02-10T22:37:42.053000","2025-02-10T22:37:52.053000","1739227066396","1739227066450","54","371.34","115.28","371.16","114.65","0.9284","0.1441","1660"
"SYNTH004","1741100776637","2025-03-04T15:06:16.637000","2025-03-04T15:06:26.637000","1741100777354","1741100777414","60","57.86","715.32","57.55","715.25","0.1447","0.8941","1660"
"SYNTH004","1741100776637","2025-03-04T15:06:16.637000","2025-03-04T15:06:26.637000","1741100777539","1741100777569","30","235.08","746.65","235.9","746.6","0.5877","0.9333","1660"
"SYNTH004","1741100776637","2025-03-04T15:06:16.637000","2025-03-04T15:06:26.637000","1741100782295","1741100782389","94","307.7","76.1","306.8","76.64","0.7693","0.0951","1660"
"SYNTH004","1741100776637","2025-03-04T15:06:16.637000","2025-03-04T15:06:26.637000","1741100779895","1741100779969","74","359.57","706.97","360.23","706.52","0.8989","0.8837","1660"
"SYNTH004","1741100776637","2025-03-04T15:06:16.637000","2025-03-04T15:06:26.637000","1741100785203","1741100785317","114","372.12","319.45","373.5","318.6","0.9303","0.3993","1660"
"SYNTH004","1741100776637","2025-03-04T15:06:16.637000","2025-03-04T15:06:26.637000","1741100779748","1741100779798","50","227.47","272.46","228.5","272.35","0.5687","0.3406","1660"
"SYNTH004","1741100776637","2025-03-04T15:06:16.637000","2025-03-04T15:06:26.637000","1741100778148","1741100778197","49","210.64","441.64","210.89","442.37","0.5266","0.552","1660"
"SYNTH004","1741100776637","2025-03-04T15:06:16.637000","2025-03-04T15:06:26.637000","1741100784057","1741100784117","60","121.39","266.46","120.43","267.55","0.3035","0.3331","1660"
"SYNTH004","1741100776637","2025-03-04T15:06:16.637000","2025-03-04T15:06:26.637000","1741100782154","1741100782232","78","317.37","660.98","316.93","661.78","0.7934","0.8262","1660"
"SYNTH004","1741100776637","2025-03-04T15:06:16.637000","2025-03-04T15:06:26.637000","1741100782569","1741100782626","57","260.16","259.93","260.11","259.69","0.6504","0.3249","1660"
"SYNTH004","1741100776637","2025-03-04T15:06:16.637000","2025-03-04T15:06:26.637000","1741100781416","1741100781483","67","58.82","399.16","57.37","398.92","0.147","0.499","1660"
"SYNTH004","1741100776637","2025-03-04T15:06:16.637000","2025-03-04T15:06:26.637000","1741100782100","1741100782181","81","117.93","342.76","116.89","342.82","0.2948","0.4285","1660"
"SYNTH004","1741100776637","2025-03-04T15:06:16.637000","2025-03-04T15:06:26.637000","1741100779346","1741100779430","84","25.74","419.0","25.09","418.83","0.0643","0.5238","1660"
"SYNTH004","1741100776637","2025-03-04T15:06:16.637000","2025-03-04T15:06:26.637000","1741100780208","1741100780260","52","220.97","504.28","220.2","504.41","0.5524","0.6304","1660"
"SYNTH004","1741100776637","2025-03-04T15:06:16.637000","2025-03-04T15:06:26.637000","1741100779327","1741100779404","77","207.8","490.43","207.0","490.09","0.5195","0.613","1660"
"SYNTH004","1741100776637","2025-03-04T15:06:16.637000","2025-03-04T15:06:26.637000","1741100784255","1741100784333","78","31.63","416.92","31.09","416.7","0.0791","0.5211","1660"
"SYNTH004","1741100776637","2025-03-04T15:06:16.637000","2025-03-04T15:06:26.637000","1741100781247","1741100781321","74","291.95","688.17","291.15","687.95","0.7299","0.8602","1660"
"SYNTH004","1741100776637","2025-03-04T15:06:16.637000","2025-03-04T15:06:26.637000","1741100777678","1741100777722","44","153.85","559.62","153.44","560.37","0.3846","0.6995","1660"
"SYNTH004","1741100776637","2025-03-04T15:06:16.637000","2025-03-04T15:06:26.637000","1741100786025","1741100786100","75","370.16","386.16","370.36","385.62","0.9254","0.4827","1660"
"SYNTH004","1741100776637","2025-03-04T15:06:16.637000","2025-03-04T15:06:26.637000","1741100783076","1741100783148","72","223.58","457.36","222.92","456.59","0.559","0.5717","1660"
"SYNTH004","1741100776637","2025-03-04T15:06:16.637000","2025-03-04T15:06:26.637000","1741100785687","1741100785764","77","117.25","636.33","118.0","635.92","0.2931","0.7954","1660"
"SYNTH004","1741100776637","2025-03-04T15:06:16.637000","2025-03-04T15:06:26.637000","1741100785579","1741100785647","68","295.52","620.95","295.51","621.03","0.7388","0.7762","1660"
"SYNTH004","1741100776637","2025-03-04T15:06:16.637000","2025-03-04T15:06:26.637000","1741100785375","1741100785426","51","326.0","546.56","326.08","548.61","0.815","0.6832","1660"
"SYNTH004","1741100776637","2025-03-04T15:06:16.637000","2025-03-04T15:06:26.637000","1741100779409","1741100779445","36","43.06","551.06","42.69","551.01","0.1077","0.6888","1660"
"SYNTH004","1741100776637","2025-03-04T15:06:16.637000","2025-03-04T15:06:26.637000","1741100785438","1741100785484","46","180.87","50.03","180.7","50.41","0.4522","0.0625","1660"
"SYNTH005","1738653758761","2025-02-04T07:22:38.761000","2025-02-04T07:22:48.761000","1738653761268","1738653761365","97","124.8","167.63","124.24","168.29","0.312","0.2095","1533"
"SYNTH005","1738653758761","2025-02-04T07:22:38.761000","2025-02-04T07:22:48.761000","1738653759263","1738653759301","38","164.83","582.44","164.1","582.12","0.4121","0.728","1533"
"SYNTH005","1738653758761","2025-02-04T07:22:38.761000","2025-02-04T07:22:48.761000","1738653759100","1738653759199","99","160.54","559.17","161.96","560.48","0.4014","0.699","1533"
"SYNTH005","1738653758761","2025-02-04T07:22:38.761000","2025-02-04T07:22:48.761000","1738653767265","1738653767317","52","133.36","245.89","132.78","246.59","0.3334","0.3074","1533"
"SYNTH005","1738653758761","2025-02-04T07:22:38.761000","2025-02-04T07:22:48.761000","1738653763090","1738653763149","59","87.05","227.16","88.51","227.09","0.2176","0.2839","1533"
"SYNTH005","1738653758761","2025-02-04T07:22:38.761000","2025-02-04T07:22:48.761000","1738653765468","1738653765571","103","267.2","398.67","266.48","398.96","0.668","0.4983","1533"
"SYNTH005","1738653758761","2025-02-04T07:22:38.761000","2025-02-04T07:22:48.761000","1738653767258","1738653767345","87","171.85","739.31","172.95","739.49","0.4296","0.9241","1533"
"SYNTH005","1738653758761","2025-02-04T07:22:38.761000","2025-02-04T07:22:48.761000","1738653767145","1738653767236","91","266.09","639.07","264.78","640.46","0.6652","0.7988","1533"
"SYNTH005","1738653758761","2025-02-04T07:22:38.761000","2025-02-04T07:22:48.761000","1738653765144","1738653765207","63","308.73","368.95","309.53","368.57","0.7718","0.4612","1533"
"SYNTH005","1738653758761","2025-02-04T07:22:38.761000","2025-02-04T07:22:48.761000","1738653763403","1738653763466","63","115.81","501.2","115.81","501.1","0.2895","0.6265","1533"
"SYNTH005","1738653758761","2025-02-04T07:22:38.761000","2025-02-04T07:22:48.761000","1738653766687","1738653766786","99","168.18","692.0","168.51","690.47","0.4205","0.865","1533"
"SYNTH005","1738653758761","2025-02-04T07:22:38.761000","2025-02-04T07:22:48.761000","1738653763721","1738653763798","77","247.59","258.04","246.81","258.21","0.619","0.3225","1533"
"SYNTH005","1738653758761","2025-02-04T07:22:38.761000","2025-02-04T07:22:48.761000","1738653767603","1738653767687","84","340.68","152.59","340.51","152.47","0.8517","0.1907","1533"
"SYNTH005","1738653758761","2025-02-04T07:22:38.761000","2025-02-04T07:22:48.761000","1738653758761","1738653758878","117","27.91","165.2","27.68","164.16","0.0698","0.2065","1533"
"SYNTH005","1738653758761","2025-02-04T07:22:38.761000","2025-02-04T07:22:48.761000","1738653762798","1738653762878","80","228.33","589.22","229.28","588.3","0.5708","0.7365","1533"
"SYNTH005","1738653758761","2025-02-04T07:22:38.761000","2025-02-04T07:22:48.761000","1738653764465","1738653764558","93","183.05","266.15","182.21","266.54","0.4576","0.3327","1533"
"SYNTH005","1738653758761","2025-02-04T07:22:38.761000","2025-02-04T07:22:48.761000","1738653764578","1738653764647","69","48.2","409.46","48.57","409.11","0.1205","0.5118","1533"
"SYNTH005","1738045974201","2025-01-28T06:32:54.201000","2025-01-28T06:33:04.201000","1738045979966","1738045980046","80","171.44","172.18","171.22","172.69","0.4286","0.2152","1533"
"SYNTH005","1738045974201","2025-01-28T06:32:54.201000","2025-01-28T06:33:04.201000","1738045982091","1738045982222","131","82.55","417.27","82.51","417.71","0.2064","0.5216","1533"
"SYNTH005","1738045974201","2025-01-28T06:32:54.201000","2025-01-28T06:33:04.201000","1738045975659","1738045975742","83","135.16","507.78","134.74","508.04","0.3379","0.6347","1533"
"SYNTH005","1738045974201","2025-01-28T06:32:54.201000","2025-01-28T06:33:04.201000","1738045978192","1738045978288","96","268.85","512.12","267.73","512.27","0.6721","0.6402","1533"
"SYNTH005","1738045974201","2025-01-28T06:32:54.201000","2025-01-28T06:33:04.201000","1738045983679","1738045983811","132","161.46","77.65","161.26","76.96","0.4036","0.0971","1533"
"SYNTH005","1738045974201","2025-01-28T06:32:54.201000","2025-01-28T06:33:04.201000","1738045981442","1738045981505","63","291.32","44.06","289.61","44.09","0.7283","0.0551","1533"
"SYNTH005","1738045974201","2025-01-28T06:32:54.201000","2025-01-28T06:33:04.201000","1738045982818","1738045982867","49","235.63","256.01","236.38","256.05","0.5891","0.32","1533"
"SYNTH005","1738045974201","2025-01-28T06:32:54.201000","2025-01-28T06:33:04.201000","1738045977556","1738045977614","58","29.44","313.48","30.3","313.6","0.0736","0.3919","1533"
"SYNTH005","1738045974201","2025-01-28T06:32:54.201000","2025-01-28T06:33:04.201000","1738045981610","1738045981674","64","123.08","301.74","122.84","301.53","0.3077","0.3772","1533"
"SYNTH005","1738045974201","2025-01-28T06:32:54.201000","2025-01-28T06:33:04.201000","1738045975279","1738045975362","83","169.03","675.5","169.12","675.99","0.4226","0.8444","1533"
"SYNTH005","1738045974201","2025-01-28T06:32:54.201000","2025-01-28T06:33:04.201000","1738045979033","1738045979085","52","134.09","553.84","134.87","554.01","0.3352","0.6923","1533"
"SYNTH005","1738045974201","2025-01-28T06:32:54.201000","2025-01-28T06:33:04.201000","1738045982188","1738045982256","68","346.6","506.04","346.28","507.22","0.8665","0.6326","1533"
"SYNTH005","1738045974201","2025-01-28T06:32:54.201000","2025-01-28T06:33:04.201000","1738045974847","1738045974901","54","313.99","343.72","313.73","344.0","0.785","0.4297","1533"
"SYNTH005","1738045974201","2025-01-28T06:32:54.201000","2025-01-28T06:33:04.201000","1738045977703","1738045977769","66","161.23","329.36","162.24","329.78","0.4031","0.4117","1533"
"SYNTH005","1738045974201","2025-01-28T06:32:54.201000","2025-01-28T06:33:04.201000","1738045981943","1738045982032","89","170.99","283.25","171.82","285.62","0.4275","0.3541","1533"
"SYNTH005","1738045974201","2025-01-28T06:32:54.201000","2025-01-28T06:33:04.201000","1738045978002","1738045978084","82","250.84","630.14","250.93","630.72","0.6271","0.7877","1533"
"SYNTH005","1738045974201","2025-01-28T06:32:54.201000","2025-01-28T06:33:04.201000","1738045980755","1738045980845","90","235.54","521.17","235.28","520.23","0.5888","0.6515","1533"
"SYNTH005","1738045974201","2025-01-28T06:32:54.201000","2025-01-28T06:33:04.201000","1738045982853","1738045982940","87","236.73","710.02","236.01","707.67","0.5918","0.8875","1533"
"SYNTH005","1738045974201","2025-01-28T06:32:54.201000","2025-01-28T06:33:04.201000","1738045977387","1738045977497","110","360.27","706.14","360.81","706.83","0.9007","0.8827","1533"
"SYNTH005","1738045974201","2025-01-28T06:32:54.201000","2025-01-28T06:33:04.201000","1738045975210","1738045975271","61","99.63","224.36","99.47","224.65","0.2491","0.2805","1533"
"SYNTH005","1738045974201","2025-01-28T06:32:54.201000","2025-01-28T06:33:04.201000","1738045978154","1738045978208","54","269.28","433.59","270.04","433.41","0.6732","0.542","1533"
"SYNTH005","1738045974201","2025-01-28T06:32:54.201000","2025-01-28T06:33:04.201000","1738045977428","1738045977518","90","265.08","109.87","265.73","110.52","0.6627","0.1373","1533"
"SYNTH005","1738045974201","2025-01-28T06:32:54.201000","2025-01-28T06:33:04.201000","1738045978764","1738045978848","84","36.15","439.46","37.07","439.63","0.0904","0.5493","1533"
"SYNTH005","1738045974201","2025-01-28T06:32:54.201000","2025-01-28T06:33:04.201000","1738045979538","1738045979631","93","155.84","43.39","156.44","41.88","0.3896","0.0542","1533"
"SYNTH005","1738045974201","2025-01-28T06:32:54.201000","2025-01-28T06:33:04.201000","1738045979888","1738045979952","64","61.24","273.75","60.93","273.24","0.1531","0.3422","1533"
"SYNTH005","1738045974201","2025-01-28T06:32:54.201000","2025-01-28T06:33:04.201000","1738045979234","1738045979311","77","123.15","281.23","123.47","281.82","0.3079","0.3515","1533"
"SYNTH005","1738045974201","2025-01-28T06:32:54.201000","2025-01-28T06:33:04.201000","1738045977733","1738045977844","111","145.45","357.18","145.64","356.77","0.3636","0.4465","1533"
"SYNTH005","1738045974201","2025-01-28T06:32:54.201000","2025-01-28T06:33:04.201000","1738045978791","1738045978856","65","63.62","280.77","64.28","280.54","0.1591","0.351","1533"
"SYNTH005","1738045974201","2025-01-28T06:32:54.201000","2025-01-28T06:33:04.201000","1738045977118","1738045977214","96","274.37","746.92","273.04","746.4","0.6859","0.9336","1533"
"SYNTH005","1738045974201","2025-01-28T06:32:54.201000","2025-01-28T06:33:04.201000","1738045978303","1738045978358","55","311.01","443.96","312.44","444.08","0.7775","0.555","1533"
"SYNTH005","1738045974201","2025-01-28T06:32:54.201000","2025-01-28T06:33:04.201000","1738045982185","1738045982273","88","269.81","632.35","270.2","631.15","0.6745","0.7904","1533"
"SYNTH005","1738045974201","2025-01-28T06:32:54.201000","2025-01-28T06:33:04.201000","1738045983438","1738045983499","61","223.31","45.29","223.15","45.16","0.5583","0.0566","1533"
"SYNTH005","1738045974201","2025-01-28T06:32:54.201000","2025-01-28T06:33:04.201000","1738045978359","1738045978458","99","148.88","756.34","148.0","755.86","0.3722","0.9454","1533"
"SYNTH005","1738045974201","2025-01-28T06:32:54.201000","2025-01-28T06:33:04.201000","1738045981165","1738045981215","50","91.22","487.35","90.38","486.58","0.228","0.6092","1533"
"SYNTH005","1738045974201","2025-01-28T06:32:54.201000","2025-01-28T06:33:04.201000","1738045979705","1738045979767","62","351.6","609.41","349.99","609.22","0.879","0.7618","1533"
"SYNTH005","1738045974201","2025-01-28T06:32:54.201000","2025-01-28T06:33:04.201000","1738045979402","1738045979466","64","317.23","561.61","318.13","561.7","0.7931","0.702","1533"
"SYNTH005","1738045974201","2025-01-28T06:32:54.201000","2025-01-28T06:33:04.201000","1738045981301","1738045981376","75","294.62","236.42","294.71","237.0","0.7365","0.2955","1533"
"SYNTH005","1738045974201","2025-01-28T06:32:54.201000","2025-01-28T06:33:04.201000","1738045981272","1738045981350","78","77.22","672.77","77.09","673.24","0.193","0.841","1533"
"SYNTH005","1742683154984","2025-03-22T22:39:14.984000","2025-03-22T22:39:24.984000","1742683161688","1742683161750","62","156.7","467.51","155.33","468.22","0.3918","0.5844","1727"
"SYNTH005","1742683154984","2025-03-22T22:39:14.984000","2025-03-22T22:39:24.984000","1742683157570","1742683157654","84","221.66","197.13","220.91","196.81","0.5541","0.2464","1727"
"SYNTH005","1742683154984","2025-03-22T22:39:14.984000","2025-03-22T22:39:24.984000","1742683162167","1742683162253","86","277.61","395.55","278.06","396.68","0.694","0.4944","1727"
"SYNTH005","1742683154984","2025-03-22T22:39:14.984000","2025-03-22T22:39:24.984000","1742683157871","1742683157949","78","365.67","480.5","365.35","480.52","0.9142","0.6006","1727"
"SYNTH005","1742683154984","2025-03-22T22:39:14.984000","2025-03-22T22:39:24.984000","1742683163791","1742683163901","110","54.52","214.96","53.46","215.37","0.1363","0.2687","1727"
"SYNTH005","1742683154984","2025-03-22T22:39:14.984000","2025-03-22T22:39:24.984000","1742683159786","1742683159816","30","295.82","224.28","296.95","224.25","0.7395","0.2804","1727"
"SYNTH005","1742683154984","2025-03-22T22:39:14.984000","2025-03-22T22:39:24.984000","1742683163343","1742683163398","55","60.89","326.06","61.25","326.01","0.1522","0.4076","1727"
"SYNTH005","1742683154984","2025-03-22T22:39:14.984000","2025-03-22T22:39:24.984000","1742683157424","1742683157500","76","268.19","159.7","267.0","160.05","0.6705","0.1996","1727"
"SYNTH005","1742683154984","2025-03-22T22:39:14.984000","2025-03-22T22:39:24.984000","1742683155050","1742683155109","59","173.49","306.92","173.95","307.42","0.4337","0.3837","1727"
"SYNTH005","1742683154984","2025-03-22T22:39:14.984000","2025-03-22T22:39:24.984000","1742683157424","1742683157501","77","282.63","325.65","283.84","326.19","0.7066","0.4071","1727"
"SYNTH005","1742683154984","2025-03-22T22:39:14.984000","2025-03-22T22:39:24.984000","1742683160107","1742683160202","95","224.64","288.24","226.47","288.31","0.5616","0.3603","1727"
"SYNTH005","1742683154984","2025-03-22T22:39:14.984000","2025-03-22T22:39:24.984000","1742683155974","1742683156066","92","323.85","619.01","322.8","618.27","0.8096","0.7738","1727"
"SYNTH005","1742683154984","2025-03-22T22:39:14.984000","2025-03-22T22:39:24.984000","1742683157053","1742683157139","86","181.85","376.04","180.77","374.49","0.4546","0.47","1727"
"SYNTH005","1742683154984","2025-03-22T22:39:14.984000","2025-03-22T22:39:24.984000","1742683159519","1742683159602","83","277.29","54.24","276.68","55.27","0.6932","0.0678","1727"
"SYNTH005","1742683154984","2025-03-22T22:39:14.984000","2025-03-22T22:39:24.984000","1742683156538","1742683156619","81","227.48","234.95","225.75","234.99","0.5687","0.2937","1727"
"SYNTH005","1742683154984","2025-03-22T22:39:14.984000","2025-03-22T22:39:24.984000","1742683155989","1742683156057","68","228.69","539.51","228.29","538.98","0.5717","0.6744","1727"
"SYNTH005","1742683154984","2025-03-22T22:39:14.984000","2025-03-22T22:39:24.984000","1742683162309","1742683162389","80","193.31","596.66","192.72","597.56","0.4833","0.7458","1727"
"SYNTH005","1742683154984","2025-03-22T22:39:14.984000","2025-03-22T22:39:24.984000","1742683160596","1742683160660","64","194.84","514.83","196.2","513.39","0.4871","0.6435","1727"
"SYNTH005","1742683154984","2025-03-22T22:39:14.984000","2025-03-22T22:39:24.984000","1742683156962","1742683157033","71","88.86","261.75","88.87","262.45","0.2221","0.3272","1727"
"SYNTH006","1738413581829","2025-02-01T12:39:41.829000","2025-02-01T12:39:51.829000","1738413586647","1738413586710","63","293.4","338.3","292.95","338.51","0.7335","0.4229","1727"
"SYNTH006","1738413581829","2025-02-01T12:39:41.829000","2025-02-01T12:39:51.829000","1738413585913","1738413585984","71","218.82","623.15","218.93","622.88","0.5471","0.7789","1727"
"SYNTH006","1738413581829","2025-02-01T12:39:41.829000","2025-02-01T12:39:51.829000","1738413583165","1738413583248","83","375.38","131.3","375.09","131.11","0.9385","0.1641","1727"
"SYNTH006","1738413581829","2025-02-01T12:39:41.829000","2025-02-01T12:39:51.829000","1738413587744","1738413587802","58","375.13","265.89","374.71","265.97","0.9378","0.3324","1727"
"SYNTH006","1738413581829","2025-02-01T12:39:41.829000","2025-02-01T12:39:51.829000","1738413589031","1738413589110","79","134.08","562.93","134.62","563.14","0.3352","0.7037","1727"
"SYNTH006","1738413581829","2025-02-01T12:39:41.829000","2025-02-01T12:39:51.829000","1738413589649","1738413589748","99","364.52","80.27","363.22","79.9","0.9113","0.1003","1727"
"SYNTH006","1738413581829","2025-02-01T12:39:41.829000","2025-02-01T12:39:51.829000","1738413584963","1738413585013","50","68.16","538.0","67.93","539.31","0.1704","0.6725","1727"
"SYNTH006","1738413581829","2025-02-01T12:39:41.829000","2025-02-01T12:39:51.829000","1738413585198","1738413585258","60","377.41","198.88","378.08","198.94","0.9435","0.2486","1727"
"SYNTH006","1738413581829","2025-02-01T12:39:41.829000","2025-02-01T12:39:51.829000","1738413589749","1738413589853","104","63.92","347.3","64.14","348.13","0.1598","0.4341","1727"
"SYNTH006","1738413581829","2025-02-01T12:39:41.829000","2025-02-01T12:39:51.829000","1738413581905","1738413581994","89","273.09","576.23","272.33","574.98","0.6827","0.7203","1727"
"SYNTH006","1738413581829","2025-02-01T12:39:41.829000","2025-02-01T12:39:51.829000","1738413587151","1738413587217","66","96.33","538.8","96.38","539.28","0.2408","0.6735","1727"
"SYNTH006","1738413581829","2025-02-01T12:39:41.829000","2025-02-01T12:39:51.829000","1738413590615","1738413590677","62","189.22","226.71","188.3","226.97","0.473","0.2834","1727"
"SYNTH006","1738413581829","2025-02-01T12:39:41.829000","2025-02-01T12:39:51.829000","1738413588810","1738413588872","62","247.04","213.29","246.28","214.1","0.6176","0.2666","1727"
"SYNTH006","1738413581829","2025-02-01T12:39:41.829000","2025-02-01T12:39:51.829000","1738413584158","1738413584245","87","141.97","396.48","143.4","397.2","0.3549","0.4956","1727"
"SYNTH006","1738413581829","2025-02-01T12:39:41.829000","2025-02-01T12:39:51.829000","1738413587602","1738413587713","111","375.91","142.42","376.74","143.82","0.9398","0.178","1727"
"SYNTH006","1738413581829","2025-02-01T12:39:41.829000","2025-02-01T12:39:51.829000","1738413585479","1738413585574","95","215.63","341.21","216.19","340.3","0.5391","0.4265","1727"
"SYNTH006","1738413581829","2025-02-01T12:39:41.829000","2025-02-01T12:39:51.829000","1738413588177","1738413588263","86","366.5","100.65","367.33","100.41","0.9163","0.1258","1727"
"SYNTH006","1738413581829","2025-02-01T12:39:41.829000","2025-02-01T12:39:51.829000","1738413587936","1738413588027","91","308.82","116.25","307.82","115.91","0.7721","0.1453","1727"
"SYNTH006","1738413581829","2025-02-01T12:39:41.829000","2025-02-01T12:39:51.829000","1738413583427","1738413583522","95","69.97","91.76","69.35","90.11","0.1749","0.1147","1727"
"SYNTH006","1736775731878","2025-01-13T13:42:11.878000","2025-01-13T13:42:21.878000","1736775735876","1736775735952","76","118.51","618.87","118.81","619.74","0.2963","0.7736","1727"
"SYNTH006","1736775731878","2025-01-13T13:42:11.878000","2025-01-13T13:42:21.878000","1736775738098","1736775738176","78","276.41","121.76","276.79","122.33","0.691","0.1522","1727"
"SYNTH006","1736775731878","2025-01-13T13:42:11.878000","2025-01-13T13:42:21.878000","1736775733344","1736775733403","59","65.28","227.33","65.9","227.57","0.1632","0.2842","1727"
"SYNTH006","1736775731878","2025-01-13T13:42:11.878000","2025-01-13T13:42:21.878000","1736775737870","1736775737951","81","65.94","724.89","65.4","725.43","0.1648","0.9061","1727"
"SYNTH006","1736775731878","2025-01-13T13:42:11.878000","2025-01-13T13:42:21.878000","1736775740031","1736775740136","105","273.25","398.44","273.14","396.78","0.6831","0.4981","1727"
"SYNTH006","1736775731878","2025-01-13T13:42:11.878000","2025-01-13T13:42:21.878000","1736775740594","1736775740690","96","335.11","395.37","336.06","396.17","0.8378","0.4942","1727"
"SYNTH006","1736775731878","2025-01-13T13:42:11.878000","2025-01-13T13:42:21.878000","1736775735345","1736775735427","82","247.73","206.86","247.64","204.65","0.6193","0.2586","1727"
"SYNTH006","1736775731878","2025-01-13T13:42:11.878000","2025-01-13T13:42:21.878000","1736775733561","1736775733642","81","206.02","106.43","205.78","105.84","0.515","0.133","1727"
"SYNTH006","1736775731878","2025-01-13T13:42:11.878000","2025-01-13T13:42:21.878000","1736775738037","1736775738126","89","150.86","320.87","151.65","320.4","0.3771","0.4011","1727"
"SYNTH006","1736775731878","2025-01-13T13:42:11.878000","2025-01-13T13:42:21.878000","1736775739851","1736775739903","52","67.57","343.33","68.15","343.08","0.1689","0.4292","1727"
"SYNTH006","1736775731878","2025-01-13T13:42:11.878000","2025-01-13T13:42:21.878000","1736775736747","1736775736851","104","148.34","381.88","148.93","381.4","0.3709","0.4773","1727"
"SYNTH006","1736775731878","2025-01-13T13:42:11.878000","2025-01-13T13:42:21.878000","1736775732915","1736775733006","91","246.25","653.02","246.89","653.53","0.6156","0.8163","1727"
"SYNTH006","1736775731878","2025-01-13T13:42:11.878000","2025-01-13T13:42:21.878000","1736775738558","1736775738607","49","373.07","688.78","372.45","687.6","0.9327","0.861","1727"
"SYNTH006","1736775731878","2025-01-13T13:42:11.878000","2025-01-13T13:42:21.878000","1736775740576","1736775740665","89","75.46","576.93","76.85","577.47","0.1886","0.7212","1727"
"SYNTH006","1736775731878","2025-01-13T13:42:11.878000","2025-01-13T13:42:21.878000","1736775740003","1736775740033","30","208.02","325.68","207.23","325.47","0.5201","0.4071","1727"
"SYNTH006","1736775731878","2025-01-13T13:42:11.878000","2025-01-13T13:42:21.878000","1736775734127","1736775734221","94","88.88","224.5","89.07","223.64","0.2222","0.2806","1727"
"SYNTH006","1736775731878","2025-01-13T13:42:11.878000","2025-01-13T13:42:21.878000","1736775733409","1736775733480","71","39.79","686.79","40.21","686.44","0.0995","0.8585","1727"
"SYNTH006","1736775731878","2025-01-13T13:42:11.878000","2025-01-13T13:42:21.878000","1736775737401","1736775737473","72","167.02","284.7","164.94","282.92","0.4175","0.3559","1727"
"SYNTH006","1736775731878","2025-01-13T13:42:11.878000","2025-01-13T13:42:21.878000","1736775733433","1736775733515","82","192.65","329.8","193.74","329.53","0.4816","0.4123","1727"
"SYNTH006","1736775731878","2025-01-13T13:42:11.878000","2025-01-13T13:42:21.878000","1736775733890","1736775733943","53","147.3","330.29","146.32","331.61","0.3683","0.4129","1727"
"SYNTH006","1736775731878","2025-01-13T13:42:11.878000","2025-01-13T13:42:21.878000","1736775735436","1736775735486","50","245.3","431.89","244.0","432.05","0.6133","0.5399","1727"
"SYNTH006","1736775731878","2025-01-13T13:42:11.878000","2025-01-13T13:42:21.878000","1736775733666","1736775733737","71","156.89","393.05","155.42","392.61","0.3922","0.4913","1727"
"SYNTH006","1736775731878","2025-01-13T13:42:11.878000","2025-01-13T13:42:21.878000","1736775739708","1736775739778","70","87.43","224.39","88.18","223.96","0.2186","0.2805","1727"
"SYNTH006","1736775731878","2025-01-13T13:42:11.878000","2025-01-13T13:42:21.878000","1736775732205","1736775732313","108","249.21","756.73","250.02","755.39","0.623","0.9459","1727"
"SYNTH006","1736775731878","2025-01-13T13:42:11.878000","2025-01-13T13:42:21.878000","1736775737921","1736775738007","86","366.44","648.3","366.15","647.66","0.9161","0.8104","1727"
"SYNTH006","1736775731878","2025-01-13T13:42:11.878000","2025-01-13T13:42:21.878000","1736775739598","1736775739678","80","308.67","130.23","309.36","129.59","0.7717","0.1628","1727"
"SYNTH006","1736775731878","2025-01-13T13:42:11.878000","2025-01-13T13:42:21.878000","1736775732498","1736775732565","67","227.14","143.86","226.84","145.49","0.5678","0.1798","1727"
"SYNTH006","1736775731878","2025-01-13T13:42:11.878000","2025-01-13T13:42:21.878000","1736775736113","1736775736173","60","214.54","648.59","214.4","649.3","0.5363","0.8107","1727"
"SYNTH006","1736775731878","2025-01-13T13:42:11.878000","2025-01-13T13:42:21.878000","1736775734775","1736775734851","76","52.75","410.73","51.45","409.8","0.1319","0.5134","1727"
"SYNTH006","1736775731878","2025-01-13T13:42:11.878000","2025-01-13T13:42:21.878000","1736775737768","1736775737865","97","115.77","652.6","115.82","652.19","0.2894","0.8157","1727"
"SYNTH006","1736775731878","2025-01-13T13:42:11.878000","2025-01-13T13:42:21.878000","1736775736588","1736775736640","52","69.05","522.83","67.83","523.33","0.1726","0.6535","1727"
"SYNTH006","1736775731878","2025-01-13T13:42:11.878000","2025-01-13T13:42:21.878000","1736775739291","1736775739388","97","62.41","186.89","62.45","186.62","0.156","0.2336","1727"
"SYNTH006","1736775731878","2025-01-13T13:42:11.878000","2025-01-13T13:42:21.878000","1736775736776","1736775736859","83","339.16","404.38","339.98","405.18","0.8479","0.5055","1727"
"SYNTH006","1736775731878","2025-01-13T13:42:11.878000","2025-01-13T13:42:21.878000","1736775734566","1736775734641","75","325.62","243.34","326.18","243.23","0.814","0.3042","1727"
"SYNTH006","1736775731878","2025-01-13T13:42:11.878000","2025-01-13T13:42:21.878000","1736775740827","1736775740930","103","196.72","406.75","195.38","405.33","0.4918","0.5084","1727"
"SYNTH006","1736775731878","2025-01-13T13:42:11.878000","2025-01-13T13:42:21.878000","1736775734539","1736775734633","94","334.37","281.58","334.17","282.25","0.8359","0.352","1727"
"SYNTH006","1736775731878","2025-01-13T13:42:11.878000","2025-01-13T13:42:21.878000","1736775732714","1736775732805","91","356.09","86.4","356.1","86.53","0.8902","0.108","1727"
"SYNTH006","1736775731878","2025-01-13T13:42:11.878000","2025-01-13T13:42:21.878000","1736775737978","1736775738035","57","219.84","422.14","220.23","421.6","0.5496","0.5277","1727"
"SYNTH006","1736775731878","2025-01-13T13:42:11.878000","2025-01-13T13:42:21.878000","1736775735811","1736775735891","80","371.27","652.71","371.19","653.82","0.9282","0.8159","1727"
"SYNTH006","1736775731878","2025-01-13T13:42:11.878000","2025-01-13T13:42:21.878000","1736775740491","1736775740541","50","225.34","580.02","225.44","579.77","0.5634","0.725","1727"
"SYNTH006","1741195308232","2025-03-05T17:21:48.232000","2025-03-05T17:21:58.232000","1741195313876","1741195313962","86","128.64","143.59","127.18","142.89","0.3216","0.1795","1727"
"SYNTH006","1741195308232","2025-03-05T17:21:48.232000","2025-03-05T17:21:58.232000","1741195311806","1741195311839","33","168.37","529.39","169.46","529.01","0.4209","0.6617","1727"
"SYNTH006","1741195308232","2025-03-05T17:21:48.232000","2025-03-05T17:21:58.232000","1741195309318","1741195309366","48","379.91","722.23","379.53","721.55","0.9498","0.9028","1727"
"SYNTH006","1741195308232","2025-03-05T17:21:48.232000","2025-03-05T17:21:58.232000","1741195313417","1741195313521","104","293.51","366.45","291.81","366.33","0.7338","0.4581","1727"
"SYNTH006","1741195308232","2025-03-05T17:21:48.232000","2025-03-05T17:21:58.232000","1741195312124","1741195312212","88","352.21","42.93","352.81","41.83","0.8805","0.0537","1727"
"SYNTH006","1741195308232","2025-03-05T17:21:48.232000","2025-03-05T17:21:58.232000","1741195310878","1741195310937","59","300.52","385.73","300.76","385.87","0.7513","0.4822","1727"
"SYNTH006","1741195308232","2025-03-05T17:21:48.232000","2025-03-05T17:21:58.232000","1741195317581","1741195317648","67","372.52","275.22","373.33","275.59","0.9313","0.344","1727"
"SYNTH006","1741195308232","2025-03-05T17:21:48.232000","2025-03-05T17:21:58.232000","1741195310259","1741195310339","80","86.12","649.68","87.1","649.74","0.2153","0.8121","1727"
"SYNTH006","1741195308232","2025-03-05T17:21:48.232000","2025-03-05T17:21:58.232000","1741195309973","1741195310033","60","32.43","183.0","32.53","183.11","0.0811","0.2288","1727"
"SYNTH006","1741195308232","2025-03-05T17:21:48.232000","2025-03-05T17:21:58.232000","1741195308967","1741195309013","46","124.73","310.07","125.32","310.22","0.3118","0.3876","1727"
"SYNTH006","1741195308232","2025-03-05T17:21:48.232000","2025-03-05T17:21:58.232000","1741195316776","1741195316832","56","103.64","554.81","104.45","554.7","0.2591","0.6935","1727"
"SYNTH006","1741195308232","2025-03-05T17:21:48.232000","2025-03-05T17:21:58.232000","1741195314126","1741195314219","93","35.73","421.44","35.07","421.25","0.0893","0.5268","1727"
"SYNTH006","1741195308232","2025-03-05T17:21:48.232000","2025-03-05T17:21:58.232000","1741195312398","1741195312467","69","321.94","680.37","321.5","680.48","0.8049","0.8505","1727"
"SYNTH006","1741195308232","2025-03-05T17:21:48.232000","2025-03-05T17:21:58.232000","1741195314145","1741195314224","79","368.98","113.06","367.29","112.71","0.9224","0.1413","1727"
"SYNTH006","1741195308232","2025-03-05T17:21:48.232000","2025-03-05T17:21:58.232000","1741195311508","1741195311590","82","350.84","703.49","351.08","703.04","0.8771","0.8794","1727"
"SYNTH006","1741195308232","2025-03-05T17:21:48.232000","2025-03-05T17:21:58.232000","1741195310393","1741195310457","64","342.94","288.83","344.03","288.43","0.8574","0.361","1727"
"SYNTH006","1741195308232","2025-03-05T17:21:48.232000","2025-03-05T17:21:58.232000","1741195311742","1741195311843","101","29.93","453.55","30.25","455.72","0.0748","0.5669","1727"
"SYNTH006","1741195308232","2025-03-05T17:21:48.232000","2025-03-05T17:21:58.232000","1741195315757","1741195315830","73","259.24","247.89","258.38","248.97","0.6481","0.3099","1727"
"SYNTH006","1741195308232","2025-03-05T17:21:48.232000","2025-03-05T17:21:58.232000","1741195317259","1741195317339","80","259.74","475.88","259.27","477.24","0.6493","0.5948","1727"
"SYNTH006","1741195308232","2025-03-05T17:21:48.232000","2025-03-05T17:21:58.232000","1741195309610","1741195309661","51","34.61","212.42","33.73","212.17","0.0865","0.2655","1727"
"SYNTH006","1741195308232","2025-03-05T17:21:48.232000","2025-03-05T17:21:58.232000","1741195317571","1741195317666","95","297.48","567.11","296.02","566.24","0.7437","0.7089","1727"
"SYNTH006","1741195308232","2025-03-05T17:21:48.232000","2025-03-05T17:21:58.232000","1741195308997","1741195309094","97","135.43","515.75","134.88","515.97","0.3386","0.6447","1727"
"SYNTH006","1741195308232","2025-03-05T17:21:48.232000","2025-03-05T17:21:58.232000","1741195313456","1741195313523","67","358.34","83.22","359.15","82.63","0.8959","0.104","1727"
"SYNTH006","1741195308232","2025-03-05T17:21:48.232000","2025-03-05T17:21:58.232000","1741195313881","1741195313936","55","30.23","424.22","29.61","424.45","0.0756","0.5303","1727"
"SYNTH006","1741195308232","2025-03-05T17:21:48.232000","2025-03-05T17:21:58.232000","1741195317201","1741195317259","58","362.24","659.32","361.94","658.62","0.9056","0.8241","1727"
"SYNTH006","1741195308232","2025-03-05T17:21:48.232000","2025-03-05T17:21:58.232000","1741195315584","1741195315646","62","121.62","326.0","122.8","326.32","0.304","0.4075","1727"
"SYNTH006","1741195308232","2025-03-05T17:21:48.232000","2025-03-05T17:21:58.232000","1741195312169","1741195312253","84","84.92","223.95","84.92","223.21","0.2123","0.2799","1727"
"SYNTH006","1741195308232","2025-03-05T17:21:48.232000","2025-03-05T17:21:58.232000","1741195313155","1741195313246","91","126.91","328.89","126.6","329.13","0.3173","0.4111","1727"
"SYNTH006","1741195308232","2025-03-05T17:21:48.232000","2025-03-05T17:21:58.232000","1741195313449","1741195313521","72","290.26","234.62","290.06","234.56","0.7256","0.2933","1727"
"SYNTH006","1741195308232","2025-03-05T17:21:48.232000","2025-03-05T17:21:58.232000","1741195315724","1741195315824","100","225.67","148.82","227.11","148.79","0.5642","0.186","1727"
"SYNTH006","1741195308232","2025-03-05T17:21:48.232000","2025-03-05T17:21:58.232000","1741195313909","1741195313939","30","187.83","365.78","188.3","365.34","0.4696","0.4572","1727"
"SYNTH006","1741195308232","2025-03-05T17:21:48.232000","2025-03-05T17:21:58.232000","1741195312216","1741195312267","51","339.48","284.05","340.12","284.15","0.8487","0.3551","1727"
"SYNTH006","1741195308232","2025-03-05T17:21:48.232000","2025-03-05T17:21:58.232000","1741195316005","1741195316075","70","254.88","664.02","253.8","665.18","0.6372","0.83","1727"
"SYNTH006","1741195308232","2025-03-05T17:21:48.232000","2025-03-05T17:21:58.232000","1741195316061","1741195316116","55","274.75","545.95","273.72","544.83","0.6869","0.6824","1727"
"SYNTH006","1741195308232","2025-03-05T17:21:48.232000","2025-03-05T17:21:58.232000","1741195315553","1741195315612","59","252.62","139.61","252.02","138.39","0.6316","0.1745","1727"
"SYNTH006","1741195308232","2025-03-05T17:21:48.232000","2025-03-05T17:21:58.232000","1741195316170","1741195316248","78","81.35","207.9","80.45","208.9","0.2034","0.2599","1727"
"SYNTH006","1741195308232","2025-03-05T17:21:48.232000","2025-03-05T17:21:58.232000","1741195317195","1741195317272","77","346.88","461.41","347.36","460.58","0.8672","0.5768","1727"
"SYNTH006","1741195308232","2025-03-05T17:21:48.232000","2025-03-05T17:21:58.232000","1741195317172","1741195317247","75","313.44","271.27","312.89","270.51","0.7836","0.3391","1727"
"SYNTH006","1741195308232","2025-03-05T17:21:48.232000","2025-03-05T17:21:58.232000","1741195314944","1741195315059","115","256.55","305.0","256.68","304.63","0.6414","0.3812","1727"
"SYNTH006","1741195308232","2025-03-05T17:21:48.232000","2025-03-05T17:21:58.232000","1741195311852","1741195311911","59","30.01","204.96","30.69","204.28","0.075","0.2562","1727"
